Item Name,Item ID,Item meta,Has NBT,Display Name
HardcoreEnderExpansion:end_powder_ore,811,0,FALSE,End Powder Ore
HardcoreEnderExpansion:stardust_ore,817,0,FALSE,Stardust Ore
HardcoreEnderExpansion:igneous_rock_ore,828,0,FALSE,Igneous Rock Ore
HardcoreEnderExpansion:endium_ore,831,0,FALSE,Endium Ore
HardcoreEnderExpansion:instability_orb_ore,858,0,FALSE,Instability Orb Ore
bartworks:bw.blockores.01,3128,1,FALSE,Bismutite Ore
bartworks:bw.blockores.01,3128,2,FALSE,Bismuthinite Ore
bartworks:bw.blockores.01,3128,5,FALSE,Fluor-Buergerite Ore
bartworks:bw.blockores.01,3128,7,FALSE,Chromo-Alumino-Povondraite Ore
bartworks:bw.blockores.01,3128,8,FALSE,Vanadio-Oxy-Dravite Ore
bartworks:bw.blockores.01,3128,9,FALSE,Olenite Ore
bartworks:bw.blockores.01,3128,10,FALSE,Arsenopyrite Ore
bartworks:bw.blockores.01,3128,11,FALSE,Ferberite Ore
bartworks:bw.blockores.01,3128,12,FALSE,Loellingite Ore
bartworks:bw.blockores.01,3128,13,FALSE,Roquesite Ore
bartworks:bw.blockores.01,3128,14,FALSE,Bornite Ore
bartworks:bw.blockores.01,3128,15,FALSE,Wittichenite Ore
bartworks:bw.blockores.01,3128,16,FALSE,Djurleite Ore
bartworks:bw.blockores.01,3128,17,FALSE,Huebnerite Ore
bartworks:bw.blockores.01,3128,18,FALSE,Thorianite Ore
bartworks:bw.blockores.01,3128,19,FALSE,Red Zircon Ore
bartworks:bw.blockores.01,3128,23,FALSE,Fayalite Ore
bartworks:bw.blockores.01,3128,24,FALSE,Forsterite Ore
bartworks:bw.blockores.01,3128,25,FALSE,Hedenbergite Ore
bartworks:bw.blockores.01,3128,26,FALSE,Red Descloizite Ore
bartworks:bw.blockores.01,3128,27,FALSE,Orange Descloizite Ore
bartworks:bw.blockores.01,3128,28,FALSE,Green Fuchsite Ore
bartworks:bw.blockores.01,3128,29,FALSE,Red Fuchsite Ore
bartworks:bw.blockores.01,3128,35,FALSE,Prasiolite Ore
bartworks:bw.blockores.01,3128,43,FALSE,BArTiMaEuSNeK Ore
bartworks:bw.blockores.01,3128,47,FALSE,Platinum Metallic Powder Ore
bartworks:bw.blockores.01,3128,53,FALSE,Palladium Metallic Powder Ore
bartworks:bw.blockores.01,3128,60,FALSE,Leach Residue Ore
bartworks:bw.blockores.01,3128,69,FALSE,Rarest Metal Residue Ore
bartworks:bw.blockores.01,3128,70,FALSE,Iridium Metal Residue Ore
bartworks:bw.blockores.01,3128,79,FALSE,Crude Rhodium Metal Ore
bartworks:bw.blockores.01,3128,89,FALSE,Tiberium Ore
bartworks:bw.blockores.01,3128,91,FALSE,Fluorspar Ore
bartworks:bw.blockores.01,3128,93,FALSE,Atheneite Ore
bartworks:bw.blockores.01,3128,94,FALSE,Temagamite Ore
bartworks:bw.blockores.01,3128,95,FALSE,Terlinguaite Ore
bartworks:bw.blockores.01,3128,10023,FALSE,Orundum Ore
bartworks:bw.blockores.01,3128,10054,FALSE,Naquadah Oxide Mixture Ore
bartworks:bw.blockores.01,3128,10067,FALSE,Enriched-Naquadah Oxide Mixture Ore
bartworks:bw.blockores.01,3128,10072,FALSE,Naquadria Oxide Mixture Ore
gregtech:gt.blockores,1764,6,FALSE,Lithium Ore
gregtech:gt.blockores,1764,1006,FALSE,Lithium Ore
gregtech:gt.blockores,1764,2006,FALSE,Lithium Ore
gregtech:gt.blockores,1764,3006,FALSE,Lithium Ore
gregtech:gt.blockores,1764,4006,FALSE,Lithium Ore
gregtech:gt.blockores,1764,5006,FALSE,Lithium Ore
gregtech:gt.blockores,1764,6006,FALSE,Lithium Ore
gregtech:gt.blockores,1764,8,FALSE,Beryllium Ore
gregtech:gt.blockores,1764,1008,FALSE,Beryllium Ore
gregtech:gt.blockores,1764,2008,FALSE,Beryllium Ore
gregtech:gt.blockores,1764,3008,FALSE,Beryllium Ore
gregtech:gt.blockores,1764,4008,FALSE,Beryllium Ore
gregtech:gt.blockores,1764,5008,FALSE,Beryllium Ore
gregtech:gt.blockores,1764,6008,FALSE,Beryllium Ore
gregtech:gt.blockores,1764,18,FALSE,Magnesium Ore
gregtech:gt.blockores,1764,1018,FALSE,Magnesium Ore
gregtech:gt.blockores,1764,2018,FALSE,Magnesium Ore
gregtech:gt.blockores,1764,3018,FALSE,Magnesium Ore
gregtech:gt.blockores,1764,4018,FALSE,Magnesium Ore
gregtech:gt.blockores,1764,5018,FALSE,Magnesium Ore
gregtech:gt.blockores,1764,6018,FALSE,Magnesium Ore
gregtech:gt.blockores,1764,19,FALSE,Aluminium Ore
gregtech:gt.blockores,1764,1019,FALSE,Aluminium Ore
gregtech:gt.blockores,1764,2019,FALSE,Aluminium Ore
gregtech:gt.blockores,1764,3019,FALSE,Aluminium Ore
gregtech:gt.blockores,1764,4019,FALSE,Aluminium Ore
gregtech:gt.blockores,1764,5019,FALSE,Aluminium Ore
gregtech:gt.blockores,1764,6019,FALSE,Aluminium Ore
gregtech:gt.blockores,1764,20,FALSE,Raw Silicon Ore
gregtech:gt.blockores,1764,1020,FALSE,Raw Silicon Ore
gregtech:gt.blockores,1764,2020,FALSE,Raw Silicon Ore
gregtech:gt.blockores,1764,3020,FALSE,Raw Silicon Ore
gregtech:gt.blockores,1764,4020,FALSE,Raw Silicon Ore
gregtech:gt.blockores,1764,5020,FALSE,Raw Silicon Ore
gregtech:gt.blockores,1764,6020,FALSE,Raw Silicon Ore
gregtech:gt.blockores,1764,22,FALSE,Sulfur Ore
gregtech:gt.blockores,1764,1022,FALSE,Sulfur Ore
gregtech:gt.blockores,1764,2022,FALSE,Sulfur Ore
gregtech:gt.blockores,1764,3022,FALSE,Sulfur Ore
gregtech:gt.blockores,1764,4022,FALSE,Sulfur Ore
gregtech:gt.blockores,1764,5022,FALSE,Sulfur Ore
gregtech:gt.blockores,1764,6022,FALSE,Sulfur Ore
gregtech:gt.blockores,1764,27,FALSE,Scandium Ore
gregtech:gt.blockores,1764,1027,FALSE,Scandium Ore
gregtech:gt.blockores,1764,2027,FALSE,Scandium Ore
gregtech:gt.blockores,1764,3027,FALSE,Scandium Ore
gregtech:gt.blockores,1764,4027,FALSE,Scandium Ore
gregtech:gt.blockores,1764,5027,FALSE,Scandium Ore
gregtech:gt.blockores,1764,6027,FALSE,Scandium Ore
gregtech:gt.blockores,1764,28,FALSE,Titanium Ore
gregtech:gt.blockores,1764,1028,FALSE,Titanium Ore
gregtech:gt.blockores,1764,2028,FALSE,Titanium Ore
gregtech:gt.blockores,1764,3028,FALSE,Titanium Ore
gregtech:gt.blockores,1764,4028,FALSE,Titanium Ore
gregtech:gt.blockores,1764,5028,FALSE,Titanium Ore
gregtech:gt.blockores,1764,6028,FALSE,Titanium Ore
gregtech:gt.blockores,1764,29,FALSE,Vanadium Ore
gregtech:gt.blockores,1764,1029,FALSE,Vanadium Ore
gregtech:gt.blockores,1764,2029,FALSE,Vanadium Ore
gregtech:gt.blockores,1764,3029,FALSE,Vanadium Ore
gregtech:gt.blockores,1764,4029,FALSE,Vanadium Ore
gregtech:gt.blockores,1764,5029,FALSE,Vanadium Ore
gregtech:gt.blockores,1764,6029,FALSE,Vanadium Ore
gregtech:gt.blockores,1764,30,FALSE,Chrome Ore
gregtech:gt.blockores,1764,1030,FALSE,Chrome Ore
gregtech:gt.blockores,1764,2030,FALSE,Chrome Ore
gregtech:gt.blockores,1764,3030,FALSE,Chrome Ore
gregtech:gt.blockores,1764,4030,FALSE,Chrome Ore
gregtech:gt.blockores,1764,5030,FALSE,Chrome Ore
gregtech:gt.blockores,1764,6030,FALSE,Chrome Ore
gregtech:gt.blockores,1764,31,FALSE,Manganese Ore
gregtech:gt.blockores,1764,1031,FALSE,Manganese Ore
gregtech:gt.blockores,1764,2031,FALSE,Manganese Ore
gregtech:gt.blockores,1764,3031,FALSE,Manganese Ore
gregtech:gt.blockores,1764,4031,FALSE,Manganese Ore
gregtech:gt.blockores,1764,5031,FALSE,Manganese Ore
gregtech:gt.blockores,1764,6031,FALSE,Manganese Ore
gregtech:gt.blockores,1764,32,FALSE,Iron Ore
gregtech:gt.blockores,1764,1032,FALSE,Iron Ore
gregtech:gt.blockores,1764,2032,FALSE,Iron Ore
gregtech:gt.blockores,1764,3032,FALSE,Iron Ore
gregtech:gt.blockores,1764,4032,FALSE,Iron Ore
gregtech:gt.blockores,1764,5032,FALSE,Iron Ore
gregtech:gt.blockores,1764,6032,FALSE,Iron Ore
gregtech:gt.blockores,1764,33,FALSE,Cobalt Ore
gregtech:gt.blockores,1764,1033,FALSE,Cobalt Ore
gregtech:gt.blockores,1764,2033,FALSE,Cobalt Ore
gregtech:gt.blockores,1764,3033,FALSE,Cobalt Ore
gregtech:gt.blockores,1764,4033,FALSE,Cobalt Ore
gregtech:gt.blockores,1764,5033,FALSE,Cobalt Ore
gregtech:gt.blockores,1764,6033,FALSE,Cobalt Ore
gregtech:gt.blockores,1764,34,FALSE,Nickel Ore
gregtech:gt.blockores,1764,1034,FALSE,Nickel Ore
gregtech:gt.blockores,1764,2034,FALSE,Nickel Ore
gregtech:gt.blockores,1764,3034,FALSE,Nickel Ore
gregtech:gt.blockores,1764,4034,FALSE,Nickel Ore
gregtech:gt.blockores,1764,5034,FALSE,Nickel Ore
gregtech:gt.blockores,1764,6034,FALSE,Nickel Ore
gregtech:gt.blockores,1764,35,FALSE,Copper Ore
gregtech:gt.blockores,1764,1035,FALSE,Copper Ore
gregtech:gt.blockores,1764,2035,FALSE,Copper Ore
gregtech:gt.blockores,1764,3035,FALSE,Copper Ore
gregtech:gt.blockores,1764,4035,FALSE,Copper Ore
gregtech:gt.blockores,1764,5035,FALSE,Copper Ore
gregtech:gt.blockores,1764,6035,FALSE,Copper Ore
gregtech:gt.blockores,1764,36,FALSE,Zinc Ore
gregtech:gt.blockores,1764,1036,FALSE,Zinc Ore
gregtech:gt.blockores,1764,2036,FALSE,Zinc Ore
gregtech:gt.blockores,1764,3036,FALSE,Zinc Ore
gregtech:gt.blockores,1764,4036,FALSE,Zinc Ore
gregtech:gt.blockores,1764,5036,FALSE,Zinc Ore
gregtech:gt.blockores,1764,6036,FALSE,Zinc Ore
gregtech:gt.blockores,1764,37,FALSE,Gallium Ore
gregtech:gt.blockores,1764,1037,FALSE,Gallium Ore
gregtech:gt.blockores,1764,2037,FALSE,Gallium Ore
gregtech:gt.blockores,1764,3037,FALSE,Gallium Ore
gregtech:gt.blockores,1764,4037,FALSE,Gallium Ore
gregtech:gt.blockores,1764,5037,FALSE,Gallium Ore
gregtech:gt.blockores,1764,6037,FALSE,Gallium Ore
gregtech:gt.blockores,1764,39,FALSE,Arsenic Ore
gregtech:gt.blockores,1764,1039,FALSE,Arsenic Ore
gregtech:gt.blockores,1764,2039,FALSE,Arsenic Ore
gregtech:gt.blockores,1764,3039,FALSE,Arsenic Ore
gregtech:gt.blockores,1764,4039,FALSE,Arsenic Ore
gregtech:gt.blockores,1764,5039,FALSE,Arsenic Ore
gregtech:gt.blockores,1764,6039,FALSE,Arsenic Ore
gregtech:gt.blockores,1764,43,FALSE,Rubidium Ore
gregtech:gt.blockores,1764,1043,FALSE,Rubidium Ore
gregtech:gt.blockores,1764,2043,FALSE,Rubidium Ore
gregtech:gt.blockores,1764,3043,FALSE,Rubidium Ore
gregtech:gt.blockores,1764,4043,FALSE,Rubidium Ore
gregtech:gt.blockores,1764,5043,FALSE,Rubidium Ore
gregtech:gt.blockores,1764,6043,FALSE,Rubidium Ore
gregtech:gt.blockores,1764,44,FALSE,Strontium Ore
gregtech:gt.blockores,1764,1044,FALSE,Strontium Ore
gregtech:gt.blockores,1764,2044,FALSE,Strontium Ore
gregtech:gt.blockores,1764,3044,FALSE,Strontium Ore
gregtech:gt.blockores,1764,4044,FALSE,Strontium Ore
gregtech:gt.blockores,1764,5044,FALSE,Strontium Ore
gregtech:gt.blockores,1764,6044,FALSE,Strontium Ore
gregtech:gt.blockores,1764,45,FALSE,Yttrium Ore
gregtech:gt.blockores,1764,1045,FALSE,Yttrium Ore
gregtech:gt.blockores,1764,2045,FALSE,Yttrium Ore
gregtech:gt.blockores,1764,3045,FALSE,Yttrium Ore
gregtech:gt.blockores,1764,4045,FALSE,Yttrium Ore
gregtech:gt.blockores,1764,5045,FALSE,Yttrium Ore
gregtech:gt.blockores,1764,6045,FALSE,Yttrium Ore
gregtech:gt.blockores,1764,47,FALSE,Niobium Ore
gregtech:gt.blockores,1764,1047,FALSE,Niobium Ore
gregtech:gt.blockores,1764,2047,FALSE,Niobium Ore
gregtech:gt.blockores,1764,3047,FALSE,Niobium Ore
gregtech:gt.blockores,1764,4047,FALSE,Niobium Ore
gregtech:gt.blockores,1764,5047,FALSE,Niobium Ore
gregtech:gt.blockores,1764,6047,FALSE,Niobium Ore
gregtech:gt.blockores,1764,48,FALSE,Molybdenum Ore
gregtech:gt.blockores,1764,1048,FALSE,Molybdenum Ore
gregtech:gt.blockores,1764,2048,FALSE,Molybdenum Ore
gregtech:gt.blockores,1764,3048,FALSE,Molybdenum Ore
gregtech:gt.blockores,1764,4048,FALSE,Molybdenum Ore
gregtech:gt.blockores,1764,5048,FALSE,Molybdenum Ore
gregtech:gt.blockores,1764,6048,FALSE,Molybdenum Ore
gregtech:gt.blockores,1764,52,FALSE,Palladium Ore
gregtech:gt.blockores,1764,1052,FALSE,Palladium Ore
gregtech:gt.blockores,1764,2052,FALSE,Palladium Ore
gregtech:gt.blockores,1764,3052,FALSE,Palladium Ore
gregtech:gt.blockores,1764,4052,FALSE,Palladium Ore
gregtech:gt.blockores,1764,5052,FALSE,Palladium Ore
gregtech:gt.blockores,1764,6052,FALSE,Palladium Ore
gregtech:gt.blockores,1764,54,FALSE,Silver Ore
gregtech:gt.blockores,1764,1054,FALSE,Silver Ore
gregtech:gt.blockores,1764,2054,FALSE,Silver Ore
gregtech:gt.blockores,1764,3054,FALSE,Silver Ore
gregtech:gt.blockores,1764,4054,FALSE,Silver Ore
gregtech:gt.blockores,1764,5054,FALSE,Silver Ore
gregtech:gt.blockores,1764,6054,FALSE,Silver Ore
gregtech:gt.blockores,1764,55,FALSE,Cadmium Ore
gregtech:gt.blockores,1764,1055,FALSE,Cadmium Ore
gregtech:gt.blockores,1764,2055,FALSE,Cadmium Ore
gregtech:gt.blockores,1764,3055,FALSE,Cadmium Ore
gregtech:gt.blockores,1764,4055,FALSE,Cadmium Ore
gregtech:gt.blockores,1764,5055,FALSE,Cadmium Ore
gregtech:gt.blockores,1764,6055,FALSE,Cadmium Ore
gregtech:gt.blockores,1764,56,FALSE,Indium Ore
gregtech:gt.blockores,1764,1056,FALSE,Indium Ore
gregtech:gt.blockores,1764,2056,FALSE,Indium Ore
gregtech:gt.blockores,1764,3056,FALSE,Indium Ore
gregtech:gt.blockores,1764,4056,FALSE,Indium Ore
gregtech:gt.blockores,1764,5056,FALSE,Indium Ore
gregtech:gt.blockores,1764,6056,FALSE,Indium Ore
gregtech:gt.blockores,1764,57,FALSE,Tin Ore
gregtech:gt.blockores,1764,1057,FALSE,Tin Ore
gregtech:gt.blockores,1764,2057,FALSE,Tin Ore
gregtech:gt.blockores,1764,3057,FALSE,Tin Ore
gregtech:gt.blockores,1764,4057,FALSE,Tin Ore
gregtech:gt.blockores,1764,5057,FALSE,Tin Ore
gregtech:gt.blockores,1764,6057,FALSE,Tin Ore
gregtech:gt.blockores,1764,58,FALSE,Antimony Ore
gregtech:gt.blockores,1764,1058,FALSE,Antimony Ore
gregtech:gt.blockores,1764,2058,FALSE,Antimony Ore
gregtech:gt.blockores,1764,3058,FALSE,Antimony Ore
gregtech:gt.blockores,1764,4058,FALSE,Antimony Ore
gregtech:gt.blockores,1764,5058,FALSE,Antimony Ore
gregtech:gt.blockores,1764,6058,FALSE,Antimony Ore
gregtech:gt.blockores,1764,59,FALSE,Tellurium Ore
gregtech:gt.blockores,1764,1059,FALSE,Tellurium Ore
gregtech:gt.blockores,1764,2059,FALSE,Tellurium Ore
gregtech:gt.blockores,1764,3059,FALSE,Tellurium Ore
gregtech:gt.blockores,1764,4059,FALSE,Tellurium Ore
gregtech:gt.blockores,1764,5059,FALSE,Tellurium Ore
gregtech:gt.blockores,1764,6059,FALSE,Tellurium Ore
gregtech:gt.blockores,1764,62,FALSE,Caesium Ore
gregtech:gt.blockores,1764,1062,FALSE,Caesium Ore
gregtech:gt.blockores,1764,2062,FALSE,Caesium Ore
gregtech:gt.blockores,1764,3062,FALSE,Caesium Ore
gregtech:gt.blockores,1764,4062,FALSE,Caesium Ore
gregtech:gt.blockores,1764,5062,FALSE,Caesium Ore
gregtech:gt.blockores,1764,6062,FALSE,Caesium Ore
gregtech:gt.blockores,1764,63,FALSE,Barium Ore
gregtech:gt.blockores,1764,1063,FALSE,Barium Ore
gregtech:gt.blockores,1764,2063,FALSE,Barium Ore
gregtech:gt.blockores,1764,3063,FALSE,Barium Ore
gregtech:gt.blockores,1764,4063,FALSE,Barium Ore
gregtech:gt.blockores,1764,5063,FALSE,Barium Ore
gregtech:gt.blockores,1764,6063,FALSE,Barium Ore
gregtech:gt.blockores,1764,64,FALSE,Lanthanum Ore
gregtech:gt.blockores,1764,1064,FALSE,Lanthanum Ore
gregtech:gt.blockores,1764,2064,FALSE,Lanthanum Ore
gregtech:gt.blockores,1764,3064,FALSE,Lanthanum Ore
gregtech:gt.blockores,1764,4064,FALSE,Lanthanum Ore
gregtech:gt.blockores,1764,5064,FALSE,Lanthanum Ore
gregtech:gt.blockores,1764,6064,FALSE,Lanthanum Ore
gregtech:gt.blockores,1764,65,FALSE,Cerium Ore
gregtech:gt.blockores,1764,1065,FALSE,Cerium Ore
gregtech:gt.blockores,1764,2065,FALSE,Cerium Ore
gregtech:gt.blockores,1764,3065,FALSE,Cerium Ore
gregtech:gt.blockores,1764,4065,FALSE,Cerium Ore
gregtech:gt.blockores,1764,5065,FALSE,Cerium Ore
gregtech:gt.blockores,1764,6065,FALSE,Cerium Ore
gregtech:gt.blockores,1764,66,FALSE,Praseodymium Ore
gregtech:gt.blockores,1764,1066,FALSE,Praseodymium Ore
gregtech:gt.blockores,1764,2066,FALSE,Praseodymium Ore
gregtech:gt.blockores,1764,3066,FALSE,Praseodymium Ore
gregtech:gt.blockores,1764,4066,FALSE,Praseodymium Ore
gregtech:gt.blockores,1764,5066,FALSE,Praseodymium Ore
gregtech:gt.blockores,1764,6066,FALSE,Praseodymium Ore
gregtech:gt.blockores,1764,67,FALSE,Neodymium Ore
gregtech:gt.blockores,1764,1067,FALSE,Neodymium Ore
gregtech:gt.blockores,1764,2067,FALSE,Neodymium Ore
gregtech:gt.blockores,1764,3067,FALSE,Neodymium Ore
gregtech:gt.blockores,1764,4067,FALSE,Neodymium Ore
gregtech:gt.blockores,1764,5067,FALSE,Neodymium Ore
gregtech:gt.blockores,1764,6067,FALSE,Neodymium Ore
gregtech:gt.blockores,1764,68,FALSE,Promethium Ore
gregtech:gt.blockores,1764,1068,FALSE,Promethium Ore
gregtech:gt.blockores,1764,2068,FALSE,Promethium Ore
gregtech:gt.blockores,1764,3068,FALSE,Promethium Ore
gregtech:gt.blockores,1764,4068,FALSE,Promethium Ore
gregtech:gt.blockores,1764,5068,FALSE,Promethium Ore
gregtech:gt.blockores,1764,6068,FALSE,Promethium Ore
gregtech:gt.blockores,1764,69,FALSE,Samarium Ore
gregtech:gt.blockores,1764,1069,FALSE,Samarium Ore
gregtech:gt.blockores,1764,2069,FALSE,Samarium Ore
gregtech:gt.blockores,1764,3069,FALSE,Samarium Ore
gregtech:gt.blockores,1764,4069,FALSE,Samarium Ore
gregtech:gt.blockores,1764,5069,FALSE,Samarium Ore
gregtech:gt.blockores,1764,6069,FALSE,Samarium Ore
gregtech:gt.blockores,1764,70,FALSE,Europium Ore
gregtech:gt.blockores,1764,1070,FALSE,Europium Ore
gregtech:gt.blockores,1764,2070,FALSE,Europium Ore
gregtech:gt.blockores,1764,3070,FALSE,Europium Ore
gregtech:gt.blockores,1764,4070,FALSE,Europium Ore
gregtech:gt.blockores,1764,5070,FALSE,Europium Ore
gregtech:gt.blockores,1764,6070,FALSE,Europium Ore
gregtech:gt.blockores,1764,71,FALSE,Gadolinium Ore
gregtech:gt.blockores,1764,1071,FALSE,Gadolinium Ore
gregtech:gt.blockores,1764,2071,FALSE,Gadolinium Ore
gregtech:gt.blockores,1764,3071,FALSE,Gadolinium Ore
gregtech:gt.blockores,1764,4071,FALSE,Gadolinium Ore
gregtech:gt.blockores,1764,5071,FALSE,Gadolinium Ore
gregtech:gt.blockores,1764,6071,FALSE,Gadolinium Ore
gregtech:gt.blockores,1764,72,FALSE,Terbium Ore
gregtech:gt.blockores,1764,1072,FALSE,Terbium Ore
gregtech:gt.blockores,1764,2072,FALSE,Terbium Ore
gregtech:gt.blockores,1764,3072,FALSE,Terbium Ore
gregtech:gt.blockores,1764,4072,FALSE,Terbium Ore
gregtech:gt.blockores,1764,5072,FALSE,Terbium Ore
gregtech:gt.blockores,1764,6072,FALSE,Terbium Ore
gregtech:gt.blockores,1764,73,FALSE,Dysprosium Ore
gregtech:gt.blockores,1764,1073,FALSE,Dysprosium Ore
gregtech:gt.blockores,1764,2073,FALSE,Dysprosium Ore
gregtech:gt.blockores,1764,3073,FALSE,Dysprosium Ore
gregtech:gt.blockores,1764,4073,FALSE,Dysprosium Ore
gregtech:gt.blockores,1764,5073,FALSE,Dysprosium Ore
gregtech:gt.blockores,1764,6073,FALSE,Dysprosium Ore
gregtech:gt.blockores,1764,74,FALSE,Holmium Ore
gregtech:gt.blockores,1764,1074,FALSE,Holmium Ore
gregtech:gt.blockores,1764,2074,FALSE,Holmium Ore
gregtech:gt.blockores,1764,3074,FALSE,Holmium Ore
gregtech:gt.blockores,1764,4074,FALSE,Holmium Ore
gregtech:gt.blockores,1764,5074,FALSE,Holmium Ore
gregtech:gt.blockores,1764,6074,FALSE,Holmium Ore
gregtech:gt.blockores,1764,75,FALSE,Erbium Ore
gregtech:gt.blockores,1764,1075,FALSE,Erbium Ore
gregtech:gt.blockores,1764,2075,FALSE,Erbium Ore
gregtech:gt.blockores,1764,3075,FALSE,Erbium Ore
gregtech:gt.blockores,1764,4075,FALSE,Erbium Ore
gregtech:gt.blockores,1764,5075,FALSE,Erbium Ore
gregtech:gt.blockores,1764,6075,FALSE,Erbium Ore
gregtech:gt.blockores,1764,76,FALSE,Thulium Ore
gregtech:gt.blockores,1764,1076,FALSE,Thulium Ore
gregtech:gt.blockores,1764,2076,FALSE,Thulium Ore
gregtech:gt.blockores,1764,3076,FALSE,Thulium Ore
gregtech:gt.blockores,1764,4076,FALSE,Thulium Ore
gregtech:gt.blockores,1764,5076,FALSE,Thulium Ore
gregtech:gt.blockores,1764,6076,FALSE,Thulium Ore
gregtech:gt.blockores,1764,77,FALSE,Ytterbium Ore
gregtech:gt.blockores,1764,1077,FALSE,Ytterbium Ore
gregtech:gt.blockores,1764,2077,FALSE,Ytterbium Ore
gregtech:gt.blockores,1764,3077,FALSE,Ytterbium Ore
gregtech:gt.blockores,1764,4077,FALSE,Ytterbium Ore
gregtech:gt.blockores,1764,5077,FALSE,Ytterbium Ore
gregtech:gt.blockores,1764,6077,FALSE,Ytterbium Ore
gregtech:gt.blockores,1764,78,FALSE,Lutetium Ore
gregtech:gt.blockores,1764,1078,FALSE,Lutetium Ore
gregtech:gt.blockores,1764,2078,FALSE,Lutetium Ore
gregtech:gt.blockores,1764,3078,FALSE,Lutetium Ore
gregtech:gt.blockores,1764,4078,FALSE,Lutetium Ore
gregtech:gt.blockores,1764,5078,FALSE,Lutetium Ore
gregtech:gt.blockores,1764,6078,FALSE,Lutetium Ore
gregtech:gt.blockores,1764,80,FALSE,Tantalum Ore
gregtech:gt.blockores,1764,1080,FALSE,Tantalum Ore
gregtech:gt.blockores,1764,2080,FALSE,Tantalum Ore
gregtech:gt.blockores,1764,3080,FALSE,Tantalum Ore
gregtech:gt.blockores,1764,4080,FALSE,Tantalum Ore
gregtech:gt.blockores,1764,5080,FALSE,Tantalum Ore
gregtech:gt.blockores,1764,6080,FALSE,Tantalum Ore
gregtech:gt.blockores,1764,81,FALSE,Tungsten Ore
gregtech:gt.blockores,1764,1081,FALSE,Tungsten Ore
gregtech:gt.blockores,1764,2081,FALSE,Tungsten Ore
gregtech:gt.blockores,1764,3081,FALSE,Tungsten Ore
gregtech:gt.blockores,1764,4081,FALSE,Tungsten Ore
gregtech:gt.blockores,1764,5081,FALSE,Tungsten Ore
gregtech:gt.blockores,1764,6081,FALSE,Tungsten Ore
gregtech:gt.blockores,1764,83,FALSE,Osmium Ore
gregtech:gt.blockores,1764,1083,FALSE,Osmium Ore
gregtech:gt.blockores,1764,2083,FALSE,Osmium Ore
gregtech:gt.blockores,1764,3083,FALSE,Osmium Ore
gregtech:gt.blockores,1764,4083,FALSE,Osmium Ore
gregtech:gt.blockores,1764,5083,FALSE,Osmium Ore
gregtech:gt.blockores,1764,6083,FALSE,Osmium Ore
gregtech:gt.blockores,1764,84,FALSE,Iridium Ore
gregtech:gt.blockores,1764,1084,FALSE,Iridium Ore
gregtech:gt.blockores,1764,2084,FALSE,Iridium Ore
gregtech:gt.blockores,1764,3084,FALSE,Iridium Ore
gregtech:gt.blockores,1764,4084,FALSE,Iridium Ore
gregtech:gt.blockores,1764,5084,FALSE,Iridium Ore
gregtech:gt.blockores,1764,6084,FALSE,Iridium Ore
gregtech:gt.blockores,1764,85,FALSE,Platinum Ore
gregtech:gt.blockores,1764,1085,FALSE,Platinum Ore
gregtech:gt.blockores,1764,2085,FALSE,Platinum Ore
gregtech:gt.blockores,1764,3085,FALSE,Platinum Ore
gregtech:gt.blockores,1764,4085,FALSE,Platinum Ore
gregtech:gt.blockores,1764,5085,FALSE,Platinum Ore
gregtech:gt.blockores,1764,6085,FALSE,Platinum Ore
gregtech:gt.blockores,1764,86,FALSE,Gold Ore
gregtech:gt.blockores,1764,1086,FALSE,Gold Ore
gregtech:gt.blockores,1764,2086,FALSE,Gold Ore
gregtech:gt.blockores,1764,3086,FALSE,Gold Ore
gregtech:gt.blockores,1764,4086,FALSE,Gold Ore
gregtech:gt.blockores,1764,5086,FALSE,Gold Ore
gregtech:gt.blockores,1764,6086,FALSE,Gold Ore
gregtech:gt.blockores,1764,89,FALSE,Lead Ore
gregtech:gt.blockores,1764,1089,FALSE,Lead Ore
gregtech:gt.blockores,1764,2089,FALSE,Lead Ore
gregtech:gt.blockores,1764,3089,FALSE,Lead Ore
gregtech:gt.blockores,1764,4089,FALSE,Lead Ore
gregtech:gt.blockores,1764,5089,FALSE,Lead Ore
gregtech:gt.blockores,1764,6089,FALSE,Lead Ore
gregtech:gt.blockores,1764,90,FALSE,Bismuth Ore
gregtech:gt.blockores,1764,1090,FALSE,Bismuth Ore
gregtech:gt.blockores,1764,2090,FALSE,Bismuth Ore
gregtech:gt.blockores,1764,3090,FALSE,Bismuth Ore
gregtech:gt.blockores,1764,4090,FALSE,Bismuth Ore
gregtech:gt.blockores,1764,5090,FALSE,Bismuth Ore
gregtech:gt.blockores,1764,6090,FALSE,Bismuth Ore
gregtech:gt.blockores,1764,96,FALSE,Thorium Ore
gregtech:gt.blockores,1764,1096,FALSE,Thorium Ore
gregtech:gt.blockores,1764,2096,FALSE,Thorium Ore
gregtech:gt.blockores,1764,3096,FALSE,Thorium Ore
gregtech:gt.blockores,1764,4096,FALSE,Thorium Ore
gregtech:gt.blockores,1764,5096,FALSE,Thorium Ore
gregtech:gt.blockores,1764,6096,FALSE,Thorium Ore
gregtech:gt.blockores,1764,97,FALSE,Uranium 235 Ore
gregtech:gt.blockores,1764,1097,FALSE,Uranium 235 Ore
gregtech:gt.blockores,1764,2097,FALSE,Uranium 235 Ore
gregtech:gt.blockores,1764,3097,FALSE,Uranium 235 Ore
gregtech:gt.blockores,1764,4097,FALSE,Uranium 235 Ore
gregtech:gt.blockores,1764,5097,FALSE,Uranium 235 Ore
gregtech:gt.blockores,1764,6097,FALSE,Uranium 235 Ore
gregtech:gt.blockores,1764,98,FALSE,Uranium 238 Ore
gregtech:gt.blockores,1764,1098,FALSE,Uranium 238 Ore
gregtech:gt.blockores,1764,2098,FALSE,Uranium 238 Ore
gregtech:gt.blockores,1764,3098,FALSE,Uranium 238 Ore
gregtech:gt.blockores,1764,4098,FALSE,Uranium 238 Ore
gregtech:gt.blockores,1764,5098,FALSE,Uranium 238 Ore
gregtech:gt.blockores,1764,6098,FALSE,Uranium 238 Ore
gregtech:gt.blockores,1764,100,FALSE,Plutonium 239 Ore
gregtech:gt.blockores,1764,1100,FALSE,Plutonium 239 Ore
gregtech:gt.blockores,1764,2100,FALSE,Plutonium 239 Ore
gregtech:gt.blockores,1764,3100,FALSE,Plutonium 239 Ore
gregtech:gt.blockores,1764,4100,FALSE,Plutonium 239 Ore
gregtech:gt.blockores,1764,5100,FALSE,Plutonium 239 Ore
gregtech:gt.blockores,1764,6100,FALSE,Plutonium 239 Ore
gregtech:gt.blockores,1764,101,FALSE,Plutonium 241 Ore
gregtech:gt.blockores,1764,1101,FALSE,Plutonium 241 Ore
gregtech:gt.blockores,1764,2101,FALSE,Plutonium 241 Ore
gregtech:gt.blockores,1764,3101,FALSE,Plutonium 241 Ore
gregtech:gt.blockores,1764,4101,FALSE,Plutonium 241 Ore
gregtech:gt.blockores,1764,5101,FALSE,Plutonium 241 Ore
gregtech:gt.blockores,1764,6101,FALSE,Plutonium 241 Ore
gregtech:gt.blockores,1764,103,FALSE,Americium Ore
gregtech:gt.blockores,1764,1103,FALSE,Americium Ore
gregtech:gt.blockores,1764,2103,FALSE,Americium Ore
gregtech:gt.blockores,1764,3103,FALSE,Americium Ore
gregtech:gt.blockores,1764,4103,FALSE,Americium Ore
gregtech:gt.blockores,1764,5103,FALSE,Americium Ore
gregtech:gt.blockores,1764,6103,FALSE,Americium Ore
gregtech:gt.blockores,1764,110,FALSE,Raw Tengam Ore
gregtech:gt.blockores,1764,1110,FALSE,Raw Tengam Ore
gregtech:gt.blockores,1764,2110,FALSE,Raw Tengam Ore
gregtech:gt.blockores,1764,3110,FALSE,Raw Tengam Ore
gregtech:gt.blockores,1764,4110,FALSE,Raw Tengam Ore
gregtech:gt.blockores,1764,5110,FALSE,Raw Tengam Ore
gregtech:gt.blockores,1764,6110,FALSE,Raw Tengam Ore
gregtech:gt.blockores,1764,129,FALSE,Neutronium Ore
gregtech:gt.blockores,1764,1129,FALSE,Neutronium Ore
gregtech:gt.blockores,1764,2129,FALSE,Neutronium Ore
gregtech:gt.blockores,1764,3129,FALSE,Neutronium Ore
gregtech:gt.blockores,1764,4129,FALSE,Neutronium Ore
gregtech:gt.blockores,1764,5129,FALSE,Neutronium Ore
gregtech:gt.blockores,1764,6129,FALSE,Neutronium Ore
gregtech:gt.blockores,1764,303,FALSE,Electrum Ore
gregtech:gt.blockores,1764,1303,FALSE,Electrum Ore
gregtech:gt.blockores,1764,2303,FALSE,Electrum Ore
gregtech:gt.blockores,1764,3303,FALSE,Electrum Ore
gregtech:gt.blockores,1764,4303,FALSE,Electrum Ore
gregtech:gt.blockores,1764,5303,FALSE,Electrum Ore
gregtech:gt.blockores,1764,6303,FALSE,Electrum Ore
gregtech:gt.blockores,1764,307,FALSE,Pig Iron Ore
gregtech:gt.blockores,1764,1307,FALSE,Pig Iron Ore
gregtech:gt.blockores,1764,2307,FALSE,Pig Iron Ore
gregtech:gt.blockores,1764,3307,FALSE,Pig Iron Ore
gregtech:gt.blockores,1764,4307,FALSE,Pig Iron Ore
gregtech:gt.blockores,1764,5307,FALSE,Pig Iron Ore
gregtech:gt.blockores,1764,6307,FALSE,Pig Iron Ore
gregtech:gt.blockores,1764,319,FALSE,Adamantium Ore
gregtech:gt.blockores,1764,1319,FALSE,Adamantium Ore
gregtech:gt.blockores,1764,2319,FALSE,Adamantium Ore
gregtech:gt.blockores,1764,3319,FALSE,Adamantium Ore
gregtech:gt.blockores,1764,4319,FALSE,Adamantium Ore
gregtech:gt.blockores,1764,5319,FALSE,Adamantium Ore
gregtech:gt.blockores,1764,6319,FALSE,Adamantium Ore
gregtech:gt.blockores,1764,320,FALSE,Fluxed Electrum Ore
gregtech:gt.blockores,1764,1320,FALSE,Fluxed Electrum Ore
gregtech:gt.blockores,1764,2320,FALSE,Fluxed Electrum Ore
gregtech:gt.blockores,1764,3320,FALSE,Fluxed Electrum Ore
gregtech:gt.blockores,1764,4320,FALSE,Fluxed Electrum Ore
gregtech:gt.blockores,1764,5320,FALSE,Fluxed Electrum Ore
gregtech:gt.blockores,1764,6320,FALSE,Fluxed Electrum Ore
gregtech:gt.blockores,1764,323,FALSE,Infused Gold Ore
gregtech:gt.blockores,1764,1323,FALSE,Infused Gold Ore
gregtech:gt.blockores,1764,2323,FALSE,Infused Gold Ore
gregtech:gt.blockores,1764,3323,FALSE,Infused Gold Ore
gregtech:gt.blockores,1764,4323,FALSE,Infused Gold Ore
gregtech:gt.blockores,1764,5323,FALSE,Infused Gold Ore
gregtech:gt.blockores,1764,6323,FALSE,Infused Gold Ore
gregtech:gt.blockores,1764,324,FALSE,Naquadah Ore
gregtech:gt.blockores,1764,1324,FALSE,Naquadah Ore
gregtech:gt.blockores,1764,2324,FALSE,Naquadah Ore
gregtech:gt.blockores,1764,3324,FALSE,Naquadah Ore
gregtech:gt.blockores,1764,4324,FALSE,Naquadah Ore
gregtech:gt.blockores,1764,5324,FALSE,Naquadah Ore
gregtech:gt.blockores,1764,6324,FALSE,Naquadah Ore
gregtech:gt.blockores,1764,326,FALSE,Enriched Naquadah Ore
gregtech:gt.blockores,1764,1326,FALSE,Enriched Naquadah Ore
gregtech:gt.blockores,1764,2326,FALSE,Enriched Naquadah Ore
gregtech:gt.blockores,1764,3326,FALSE,Enriched Naquadah Ore
gregtech:gt.blockores,1764,4326,FALSE,Enriched Naquadah Ore
gregtech:gt.blockores,1764,5326,FALSE,Enriched Naquadah Ore
gregtech:gt.blockores,1764,6326,FALSE,Enriched Naquadah Ore
gregtech:gt.blockores,1764,327,FALSE,Naquadria Ore
gregtech:gt.blockores,1764,1327,FALSE,Naquadria Ore
gregtech:gt.blockores,1764,2327,FALSE,Naquadria Ore
gregtech:gt.blockores,1764,3327,FALSE,Naquadria Ore
gregtech:gt.blockores,1764,4327,FALSE,Naquadria Ore
gregtech:gt.blockores,1764,5327,FALSE,Naquadria Ore
gregtech:gt.blockores,1764,6327,FALSE,Naquadria Ore
gregtech:gt.blockores,1764,329,FALSE,Tritanium Ore
gregtech:gt.blockores,1764,1329,FALSE,Tritanium Ore
gregtech:gt.blockores,1764,2329,FALSE,Tritanium Ore
gregtech:gt.blockores,1764,3329,FALSE,Tritanium Ore
gregtech:gt.blockores,1764,4329,FALSE,Tritanium Ore
gregtech:gt.blockores,1764,5329,FALSE,Tritanium Ore
gregtech:gt.blockores,1764,6329,FALSE,Tritanium Ore
gregtech:gt.blockores,1764,331,FALSE,Mithril Ore
gregtech:gt.blockores,1764,1331,FALSE,Mithril Ore
gregtech:gt.blockores,1764,2331,FALSE,Mithril Ore
gregtech:gt.blockores,1764,3331,FALSE,Mithril Ore
gregtech:gt.blockores,1764,4331,FALSE,Mithril Ore
gregtech:gt.blockores,1764,5331,FALSE,Mithril Ore
gregtech:gt.blockores,1764,6331,FALSE,Mithril Ore
gregtech:gt.blockores,1764,336,FALSE,Shadow Iron Ore
gregtech:gt.blockores,1764,1336,FALSE,Shadow Iron Ore
gregtech:gt.blockores,1764,2336,FALSE,Shadow Iron Ore
gregtech:gt.blockores,1764,3336,FALSE,Shadow Iron Ore
gregtech:gt.blockores,1764,4336,FALSE,Shadow Iron Ore
gregtech:gt.blockores,1764,5336,FALSE,Shadow Iron Ore
gregtech:gt.blockores,1764,6336,FALSE,Shadow Iron Ore
gregtech:gt.blockores,1764,340,FALSE,Meteoric Iron Ore
gregtech:gt.blockores,1764,1340,FALSE,Meteoric Iron Ore
gregtech:gt.blockores,1764,2340,FALSE,Meteoric Iron Ore
gregtech:gt.blockores,1764,3340,FALSE,Meteoric Iron Ore
gregtech:gt.blockores,1764,4340,FALSE,Meteoric Iron Ore
gregtech:gt.blockores,1764,5340,FALSE,Meteoric Iron Ore
gregtech:gt.blockores,1764,6340,FALSE,Meteoric Iron Ore
gregtech:gt.blockores,1764,342,FALSE,Deep Dark Iron Ore
gregtech:gt.blockores,1764,1342,FALSE,Deep Dark Iron Ore
gregtech:gt.blockores,1764,2342,FALSE,Deep Dark Iron Ore
gregtech:gt.blockores,1764,3342,FALSE,Deep Dark Iron Ore
gregtech:gt.blockores,1764,4342,FALSE,Deep Dark Iron Ore
gregtech:gt.blockores,1764,5342,FALSE,Deep Dark Iron Ore
gregtech:gt.blockores,1764,6342,FALSE,Deep Dark Iron Ore
gregtech:gt.blockores,1764,347,FALSE,Firestone Ore
gregtech:gt.blockores,1764,1347,FALSE,Firestone Ore
gregtech:gt.blockores,1764,2347,FALSE,Firestone Ore
gregtech:gt.blockores,1764,3347,FALSE,Firestone Ore
gregtech:gt.blockores,1764,4347,FALSE,Firestone Ore
gregtech:gt.blockores,1764,5347,FALSE,Firestone Ore
gregtech:gt.blockores,1764,6347,FALSE,Firestone Ore
gregtech:gt.blockores,1764,368,FALSE,Shadow Metal Ore
gregtech:gt.blockores,1764,1368,FALSE,Shadow Metal Ore
gregtech:gt.blockores,1764,2368,FALSE,Shadow Metal Ore
gregtech:gt.blockores,1764,3368,FALSE,Shadow Metal Ore
gregtech:gt.blockores,1764,4368,FALSE,Shadow Metal Ore
gregtech:gt.blockores,1764,5368,FALSE,Shadow Metal Ore
gregtech:gt.blockores,1764,6368,FALSE,Shadow Metal Ore
gregtech:gt.blockores,1764,375,FALSE,Rutile Ore
gregtech:gt.blockores,1764,1375,FALSE,Rutile Ore
gregtech:gt.blockores,1764,2375,FALSE,Rutile Ore
gregtech:gt.blockores,1764,3375,FALSE,Rutile Ore
gregtech:gt.blockores,1764,4375,FALSE,Rutile Ore
gregtech:gt.blockores,1764,5375,FALSE,Rutile Ore
gregtech:gt.blockores,1764,6375,FALSE,Rutile Ore
gregtech:gt.blockores,1764,382,FALSE,Ardite Ore
gregtech:gt.blockores,1764,1382,FALSE,Ardite Ore
gregtech:gt.blockores,1764,2382,FALSE,Ardite Ore
gregtech:gt.blockores,1764,3382,FALSE,Ardite Ore
gregtech:gt.blockores,1764,4382,FALSE,Ardite Ore
gregtech:gt.blockores,1764,5382,FALSE,Ardite Ore
gregtech:gt.blockores,1764,6382,FALSE,Ardite Ore
gregtech:gt.blockores,1764,386,FALSE,Manyullyn Ore
gregtech:gt.blockores,1764,1386,FALSE,Manyullyn Ore
gregtech:gt.blockores,1764,2386,FALSE,Manyullyn Ore
gregtech:gt.blockores,1764,3386,FALSE,Manyullyn Ore
gregtech:gt.blockores,1764,4386,FALSE,Manyullyn Ore
gregtech:gt.blockores,1764,5386,FALSE,Manyullyn Ore
gregtech:gt.blockores,1764,6386,FALSE,Manyullyn Ore
gregtech:gt.blockores,1764,387,FALSE,Mytryl Ore
gregtech:gt.blockores,1764,1387,FALSE,Mytryl Ore
gregtech:gt.blockores,1764,2387,FALSE,Mytryl Ore
gregtech:gt.blockores,1764,3387,FALSE,Mytryl Ore
gregtech:gt.blockores,1764,4387,FALSE,Mytryl Ore
gregtech:gt.blockores,1764,5387,FALSE,Mytryl Ore
gregtech:gt.blockores,1764,6387,FALSE,Mytryl Ore
gregtech:gt.blockores,1764,388,FALSE,Black Plutonium Ore
gregtech:gt.blockores,1764,1388,FALSE,Black Plutonium Ore
gregtech:gt.blockores,1764,2388,FALSE,Black Plutonium Ore
gregtech:gt.blockores,1764,3388,FALSE,Black Plutonium Ore
gregtech:gt.blockores,1764,4388,FALSE,Black Plutonium Ore
gregtech:gt.blockores,1764,5388,FALSE,Black Plutonium Ore
gregtech:gt.blockores,1764,6388,FALSE,Black Plutonium Ore
gregtech:gt.blockores,1764,389,FALSE,Callisto Ice Ore
gregtech:gt.blockores,1764,1389,FALSE,Callisto Ice Ore
gregtech:gt.blockores,1764,2389,FALSE,Callisto Ice Ore
gregtech:gt.blockores,1764,3389,FALSE,Callisto Ice Ore
gregtech:gt.blockores,1764,4389,FALSE,Callisto Ice Ore
gregtech:gt.blockores,1764,5389,FALSE,Callisto Ice Ore
gregtech:gt.blockores,1764,6389,FALSE,Callisto Ice Ore
gregtech:gt.blockores,1764,390,FALSE,Ledox Ore
gregtech:gt.blockores,1764,1390,FALSE,Ledox Ore
gregtech:gt.blockores,1764,2390,FALSE,Ledox Ore
gregtech:gt.blockores,1764,3390,FALSE,Ledox Ore
gregtech:gt.blockores,1764,4390,FALSE,Ledox Ore
gregtech:gt.blockores,1764,5390,FALSE,Ledox Ore
gregtech:gt.blockores,1764,6390,FALSE,Ledox Ore
gregtech:gt.blockores,1764,391,FALSE,Quantium Ore
gregtech:gt.blockores,1764,1391,FALSE,Quantium Ore
gregtech:gt.blockores,1764,2391,FALSE,Quantium Ore
gregtech:gt.blockores,1764,3391,FALSE,Quantium Ore
gregtech:gt.blockores,1764,4391,FALSE,Quantium Ore
gregtech:gt.blockores,1764,5391,FALSE,Quantium Ore
gregtech:gt.blockores,1764,6391,FALSE,Quantium Ore
gregtech:gt.blockores,1764,392,FALSE,Duralumin Ore
gregtech:gt.blockores,1764,1392,FALSE,Duralumin Ore
gregtech:gt.blockores,1764,2392,FALSE,Duralumin Ore
gregtech:gt.blockores,1764,3392,FALSE,Duralumin Ore
gregtech:gt.blockores,1764,4392,FALSE,Duralumin Ore
gregtech:gt.blockores,1764,5392,FALSE,Duralumin Ore
gregtech:gt.blockores,1764,6392,FALSE,Duralumin Ore
gregtech:gt.blockores,1764,393,FALSE,Oriharukon Ore
gregtech:gt.blockores,1764,1393,FALSE,Oriharukon Ore
gregtech:gt.blockores,1764,2393,FALSE,Oriharukon Ore
gregtech:gt.blockores,1764,3393,FALSE,Oriharukon Ore
gregtech:gt.blockores,1764,4393,FALSE,Oriharukon Ore
gregtech:gt.blockores,1764,5393,FALSE,Oriharukon Ore
gregtech:gt.blockores,1764,6393,FALSE,Oriharukon Ore
gregtech:gt.blockores,1764,394,FALSE,Infinity Catalyst Ore
gregtech:gt.blockores,1764,1394,FALSE,Infinity Catalyst Ore
gregtech:gt.blockores,1764,2394,FALSE,Infinity Catalyst Ore
gregtech:gt.blockores,1764,3394,FALSE,Infinity Catalyst Ore
gregtech:gt.blockores,1764,4394,FALSE,Infinity Catalyst Ore
gregtech:gt.blockores,1764,5394,FALSE,Infinity Catalyst Ore
gregtech:gt.blockores,1764,6394,FALSE,Infinity Catalyst Ore
gregtech:gt.blockores,1764,395,FALSE,Bedrockium Ore
gregtech:gt.blockores,1764,1395,FALSE,Bedrockium Ore
gregtech:gt.blockores,1764,2395,FALSE,Bedrockium Ore
gregtech:gt.blockores,1764,3395,FALSE,Bedrockium Ore
gregtech:gt.blockores,1764,4395,FALSE,Bedrockium Ore
gregtech:gt.blockores,1764,5395,FALSE,Bedrockium Ore
gregtech:gt.blockores,1764,6395,FALSE,Bedrockium Ore
gregtech:gt.blockores,1764,398,FALSE,Mysterious Crystal Ore
gregtech:gt.blockores,1764,1398,FALSE,Mysterious Crystal Ore
gregtech:gt.blockores,1764,2398,FALSE,Mysterious Crystal Ore
gregtech:gt.blockores,1764,3398,FALSE,Mysterious Crystal Ore
gregtech:gt.blockores,1764,4398,FALSE,Mysterious Crystal Ore
gregtech:gt.blockores,1764,5398,FALSE,Mysterious Crystal Ore
gregtech:gt.blockores,1764,6398,FALSE,Mysterious Crystal Ore
gregtech:gt.blockores,1764,485,FALSE,Alduorite Ore
gregtech:gt.blockores,1764,1485,FALSE,Alduorite Ore
gregtech:gt.blockores,1764,2485,FALSE,Alduorite Ore
gregtech:gt.blockores,1764,3485,FALSE,Alduorite Ore
gregtech:gt.blockores,1764,4485,FALSE,Alduorite Ore
gregtech:gt.blockores,1764,5485,FALSE,Alduorite Ore
gregtech:gt.blockores,1764,6485,FALSE,Alduorite Ore
gregtech:gt.blockores,1764,488,FALSE,Rubracium Ore
gregtech:gt.blockores,1764,1488,FALSE,Rubracium Ore
gregtech:gt.blockores,1764,2488,FALSE,Rubracium Ore
gregtech:gt.blockores,1764,3488,FALSE,Rubracium Ore
gregtech:gt.blockores,1764,4488,FALSE,Rubracium Ore
gregtech:gt.blockores,1764,5488,FALSE,Rubracium Ore
gregtech:gt.blockores,1764,6488,FALSE,Rubracium Ore
gregtech:gt.blockores,1764,489,FALSE,Vulcanite Ore
gregtech:gt.blockores,1764,1489,FALSE,Vulcanite Ore
gregtech:gt.blockores,1764,2489,FALSE,Vulcanite Ore
gregtech:gt.blockores,1764,3489,FALSE,Vulcanite Ore
gregtech:gt.blockores,1764,4489,FALSE,Vulcanite Ore
gregtech:gt.blockores,1764,5489,FALSE,Vulcanite Ore
gregtech:gt.blockores,1764,6489,FALSE,Vulcanite Ore
gregtech:gt.blockores,1764,500,FALSE,Diamond Ore
gregtech:gt.blockores,1764,1500,FALSE,Diamond Ore
gregtech:gt.blockores,1764,2500,FALSE,Diamond Ore
gregtech:gt.blockores,1764,3500,FALSE,Diamond Ore
gregtech:gt.blockores,1764,4500,FALSE,Diamond Ore
gregtech:gt.blockores,1764,5500,FALSE,Diamond Ore
gregtech:gt.blockores,1764,6500,FALSE,Diamond Ore
gregtech:gt.blockores,1764,501,FALSE,Emerald Ore
gregtech:gt.blockores,1764,1501,FALSE,Emerald Ore
gregtech:gt.blockores,1764,2501,FALSE,Emerald Ore
gregtech:gt.blockores,1764,3501,FALSE,Emerald Ore
gregtech:gt.blockores,1764,4501,FALSE,Emerald Ore
gregtech:gt.blockores,1764,5501,FALSE,Emerald Ore
gregtech:gt.blockores,1764,6501,FALSE,Emerald Ore
gregtech:gt.blockores,1764,502,FALSE,Ruby Ore
gregtech:gt.blockores,1764,1502,FALSE,Ruby Ore
gregtech:gt.blockores,1764,2502,FALSE,Ruby Ore
gregtech:gt.blockores,1764,3502,FALSE,Ruby Ore
gregtech:gt.blockores,1764,4502,FALSE,Ruby Ore
gregtech:gt.blockores,1764,5502,FALSE,Ruby Ore
gregtech:gt.blockores,1764,6502,FALSE,Ruby Ore
gregtech:gt.blockores,1764,503,FALSE,Sapphire Ore
gregtech:gt.blockores,1764,1503,FALSE,Sapphire Ore
gregtech:gt.blockores,1764,2503,FALSE,Sapphire Ore
gregtech:gt.blockores,1764,3503,FALSE,Sapphire Ore
gregtech:gt.blockores,1764,4503,FALSE,Sapphire Ore
gregtech:gt.blockores,1764,5503,FALSE,Sapphire Ore
gregtech:gt.blockores,1764,6503,FALSE,Sapphire Ore
gregtech:gt.blockores,1764,504,FALSE,Green Sapphire Ore
gregtech:gt.blockores,1764,1504,FALSE,Green Sapphire Ore
gregtech:gt.blockores,1764,2504,FALSE,Green Sapphire Ore
gregtech:gt.blockores,1764,3504,FALSE,Green Sapphire Ore
gregtech:gt.blockores,1764,4504,FALSE,Green Sapphire Ore
gregtech:gt.blockores,1764,5504,FALSE,Green Sapphire Ore
gregtech:gt.blockores,1764,6504,FALSE,Green Sapphire Ore
gregtech:gt.blockores,1764,505,FALSE,Olivine Ore
gregtech:gt.blockores,1764,1505,FALSE,Olivine Ore
gregtech:gt.blockores,1764,2505,FALSE,Olivine Ore
gregtech:gt.blockores,1764,3505,FALSE,Olivine Ore
gregtech:gt.blockores,1764,4505,FALSE,Olivine Ore
gregtech:gt.blockores,1764,5505,FALSE,Olivine Ore
gregtech:gt.blockores,1764,6505,FALSE,Olivine Ore
gregtech:gt.blockores,1764,506,FALSE,Nether Star Ore
gregtech:gt.blockores,1764,1506,FALSE,Nether Star Ore
gregtech:gt.blockores,1764,2506,FALSE,Nether Star Ore
gregtech:gt.blockores,1764,3506,FALSE,Nether Star Ore
gregtech:gt.blockores,1764,4506,FALSE,Nether Star Ore
gregtech:gt.blockores,1764,5506,FALSE,Nether Star Ore
gregtech:gt.blockores,1764,6506,FALSE,Nether Star Ore
gregtech:gt.blockores,1764,507,FALSE,Topaz Ore
gregtech:gt.blockores,1764,1507,FALSE,Topaz Ore
gregtech:gt.blockores,1764,2507,FALSE,Topaz Ore
gregtech:gt.blockores,1764,3507,FALSE,Topaz Ore
gregtech:gt.blockores,1764,4507,FALSE,Topaz Ore
gregtech:gt.blockores,1764,5507,FALSE,Topaz Ore
gregtech:gt.blockores,1764,6507,FALSE,Topaz Ore
gregtech:gt.blockores,1764,508,FALSE,Tanzanite Ore
gregtech:gt.blockores,1764,1508,FALSE,Tanzanite Ore
gregtech:gt.blockores,1764,2508,FALSE,Tanzanite Ore
gregtech:gt.blockores,1764,3508,FALSE,Tanzanite Ore
gregtech:gt.blockores,1764,4508,FALSE,Tanzanite Ore
gregtech:gt.blockores,1764,5508,FALSE,Tanzanite Ore
gregtech:gt.blockores,1764,6508,FALSE,Tanzanite Ore
gregtech:gt.blockores,1764,509,FALSE,Amethyst Ore
gregtech:gt.blockores,1764,1509,FALSE,Amethyst Ore
gregtech:gt.blockores,1764,2509,FALSE,Amethyst Ore
gregtech:gt.blockores,1764,3509,FALSE,Amethyst Ore
gregtech:gt.blockores,1764,4509,FALSE,Amethyst Ore
gregtech:gt.blockores,1764,5509,FALSE,Amethyst Ore
gregtech:gt.blockores,1764,6509,FALSE,Amethyst Ore
gregtech:gt.blockores,1764,510,FALSE,Opal Ore
gregtech:gt.blockores,1764,1510,FALSE,Opal Ore
gregtech:gt.blockores,1764,2510,FALSE,Opal Ore
gregtech:gt.blockores,1764,3510,FALSE,Opal Ore
gregtech:gt.blockores,1764,4510,FALSE,Opal Ore
gregtech:gt.blockores,1764,5510,FALSE,Opal Ore
gregtech:gt.blockores,1764,6510,FALSE,Opal Ore
gregtech:gt.blockores,1764,511,FALSE,Jasper Ore
gregtech:gt.blockores,1764,1511,FALSE,Jasper Ore
gregtech:gt.blockores,1764,2511,FALSE,Jasper Ore
gregtech:gt.blockores,1764,3511,FALSE,Jasper Ore
gregtech:gt.blockores,1764,4511,FALSE,Jasper Ore
gregtech:gt.blockores,1764,5511,FALSE,Jasper Ore
gregtech:gt.blockores,1764,6511,FALSE,Jasper Ore
gregtech:gt.blockores,1764,512,FALSE,Spinel Ore
gregtech:gt.blockores,1764,1512,FALSE,Spinel Ore
gregtech:gt.blockores,1764,2512,FALSE,Spinel Ore
gregtech:gt.blockores,1764,3512,FALSE,Spinel Ore
gregtech:gt.blockores,1764,4512,FALSE,Spinel Ore
gregtech:gt.blockores,1764,5512,FALSE,Spinel Ore
gregtech:gt.blockores,1764,6512,FALSE,Spinel Ore
gregtech:gt.blockores,1764,513,FALSE,Blue Topaz Ore
gregtech:gt.blockores,1764,1513,FALSE,Blue Topaz Ore
gregtech:gt.blockores,1764,2513,FALSE,Blue Topaz Ore
gregtech:gt.blockores,1764,3513,FALSE,Blue Topaz Ore
gregtech:gt.blockores,1764,4513,FALSE,Blue Topaz Ore
gregtech:gt.blockores,1764,5513,FALSE,Blue Topaz Ore
gregtech:gt.blockores,1764,6513,FALSE,Blue Topaz Ore
gregtech:gt.blockores,1764,514,FALSE,Amber Ore
gregtech:gt.blockores,1764,1514,FALSE,Amber Ore
gregtech:gt.blockores,1764,2514,FALSE,Amber Ore
gregtech:gt.blockores,1764,3514,FALSE,Amber Ore
gregtech:gt.blockores,1764,4514,FALSE,Amber Ore
gregtech:gt.blockores,1764,5514,FALSE,Amber Ore
gregtech:gt.blockores,1764,6514,FALSE,Amber Ore
gregtech:gt.blockores,1764,515,FALSE,Dilithium Ore
gregtech:gt.blockores,1764,1515,FALSE,Dilithium Ore
gregtech:gt.blockores,1764,2515,FALSE,Dilithium Ore
gregtech:gt.blockores,1764,3515,FALSE,Dilithium Ore
gregtech:gt.blockores,1764,4515,FALSE,Dilithium Ore
gregtech:gt.blockores,1764,5515,FALSE,Dilithium Ore
gregtech:gt.blockores,1764,6515,FALSE,Dilithium Ore
gregtech:gt.blockores,1764,516,FALSE,Certus Quartz Ore
gregtech:gt.blockores,1764,1516,FALSE,Certus Quartz Ore
gregtech:gt.blockores,1764,2516,FALSE,Certus Quartz Ore
gregtech:gt.blockores,1764,3516,FALSE,Certus Quartz Ore
gregtech:gt.blockores,1764,4516,FALSE,Certus Quartz Ore
gregtech:gt.blockores,1764,5516,FALSE,Certus Quartz Ore
gregtech:gt.blockores,1764,6516,FALSE,Certus Quartz Ore
gregtech:gt.blockores,1764,517,FALSE,Charged Certus Quartz Ore
gregtech:gt.blockores,1764,1517,FALSE,Charged Certus Quartz Ore
gregtech:gt.blockores,1764,2517,FALSE,Charged Certus Quartz Ore
gregtech:gt.blockores,1764,3517,FALSE,Charged Certus Quartz Ore
gregtech:gt.blockores,1764,4517,FALSE,Charged Certus Quartz Ore
gregtech:gt.blockores,1764,5517,FALSE,Charged Certus Quartz Ore
gregtech:gt.blockores,1764,6517,FALSE,Charged Certus Quartz Ore
gregtech:gt.blockores,1764,518,FALSE,Forcicium Ore
gregtech:gt.blockores,1764,1518,FALSE,Forcicium Ore
gregtech:gt.blockores,1764,2518,FALSE,Forcicium Ore
gregtech:gt.blockores,1764,3518,FALSE,Forcicium Ore
gregtech:gt.blockores,1764,4518,FALSE,Forcicium Ore
gregtech:gt.blockores,1764,5518,FALSE,Forcicium Ore
gregtech:gt.blockores,1764,6518,FALSE,Forcicium Ore
gregtech:gt.blockores,1764,519,FALSE,Forcillium Ore
gregtech:gt.blockores,1764,1519,FALSE,Forcillium Ore
gregtech:gt.blockores,1764,2519,FALSE,Forcillium Ore
gregtech:gt.blockores,1764,3519,FALSE,Forcillium Ore
gregtech:gt.blockores,1764,4519,FALSE,Forcillium Ore
gregtech:gt.blockores,1764,5519,FALSE,Forcillium Ore
gregtech:gt.blockores,1764,6519,FALSE,Forcillium Ore
gregtech:gt.blockores,1764,520,FALSE,Monazite Ore
gregtech:gt.blockores,1764,1520,FALSE,Monazite Ore
gregtech:gt.blockores,1764,2520,FALSE,Monazite Ore
gregtech:gt.blockores,1764,3520,FALSE,Monazite Ore
gregtech:gt.blockores,1764,4520,FALSE,Monazite Ore
gregtech:gt.blockores,1764,5520,FALSE,Monazite Ore
gregtech:gt.blockores,1764,6520,FALSE,Monazite Ore
gregtech:gt.blockores,1764,521,FALSE,Force Ore
gregtech:gt.blockores,1764,1521,FALSE,Force Ore
gregtech:gt.blockores,1764,2521,FALSE,Force Ore
gregtech:gt.blockores,1764,3521,FALSE,Force Ore
gregtech:gt.blockores,1764,4521,FALSE,Force Ore
gregtech:gt.blockores,1764,5521,FALSE,Force Ore
gregtech:gt.blockores,1764,6521,FALSE,Force Ore
gregtech:gt.blockores,1764,522,FALSE,Nether Quartz Ore
gregtech:gt.blockores,1764,1522,FALSE,Nether Quartz Ore
gregtech:gt.blockores,1764,2522,FALSE,Nether Quartz Ore
gregtech:gt.blockores,1764,3522,FALSE,Nether Quartz Ore
gregtech:gt.blockores,1764,4522,FALSE,Nether Quartz Ore
gregtech:gt.blockores,1764,5522,FALSE,Nether Quartz Ore
gregtech:gt.blockores,1764,6522,FALSE,Nether Quartz Ore
gregtech:gt.blockores,1764,523,FALSE,Quartzite Ore
gregtech:gt.blockores,1764,1523,FALSE,Quartzite Ore
gregtech:gt.blockores,1764,2523,FALSE,Quartzite Ore
gregtech:gt.blockores,1764,3523,FALSE,Quartzite Ore
gregtech:gt.blockores,1764,4523,FALSE,Quartzite Ore
gregtech:gt.blockores,1764,5523,FALSE,Quartzite Ore
gregtech:gt.blockores,1764,6523,FALSE,Quartzite Ore
gregtech:gt.blockores,1764,524,FALSE,Lazurite Ore
gregtech:gt.blockores,1764,1524,FALSE,Lazurite Ore
gregtech:gt.blockores,1764,2524,FALSE,Lazurite Ore
gregtech:gt.blockores,1764,3524,FALSE,Lazurite Ore
gregtech:gt.blockores,1764,4524,FALSE,Lazurite Ore
gregtech:gt.blockores,1764,5524,FALSE,Lazurite Ore
gregtech:gt.blockores,1764,6524,FALSE,Lazurite Ore
gregtech:gt.blockores,1764,525,FALSE,Sodalite Ore
gregtech:gt.blockores,1764,1525,FALSE,Sodalite Ore
gregtech:gt.blockores,1764,2525,FALSE,Sodalite Ore
gregtech:gt.blockores,1764,3525,FALSE,Sodalite Ore
gregtech:gt.blockores,1764,4525,FALSE,Sodalite Ore
gregtech:gt.blockores,1764,5525,FALSE,Sodalite Ore
gregtech:gt.blockores,1764,6525,FALSE,Sodalite Ore
gregtech:gt.blockores,1764,526,FALSE,Lapis Ore
gregtech:gt.blockores,1764,1526,FALSE,Lapis Ore
gregtech:gt.blockores,1764,2526,FALSE,Lapis Ore
gregtech:gt.blockores,1764,3526,FALSE,Lapis Ore
gregtech:gt.blockores,1764,4526,FALSE,Lapis Ore
gregtech:gt.blockores,1764,5526,FALSE,Lapis Ore
gregtech:gt.blockores,1764,6526,FALSE,Lapis Ore
gregtech:gt.blockores,1764,527,FALSE,Red Garnet Ore
gregtech:gt.blockores,1764,1527,FALSE,Red Garnet Ore
gregtech:gt.blockores,1764,2527,FALSE,Red Garnet Ore
gregtech:gt.blockores,1764,3527,FALSE,Red Garnet Ore
gregtech:gt.blockores,1764,4527,FALSE,Red Garnet Ore
gregtech:gt.blockores,1764,5527,FALSE,Red Garnet Ore
gregtech:gt.blockores,1764,6527,FALSE,Red Garnet Ore
gregtech:gt.blockores,1764,528,FALSE,Yellow Garnet Ore
gregtech:gt.blockores,1764,1528,FALSE,Yellow Garnet Ore
gregtech:gt.blockores,1764,2528,FALSE,Yellow Garnet Ore
gregtech:gt.blockores,1764,3528,FALSE,Yellow Garnet Ore
gregtech:gt.blockores,1764,4528,FALSE,Yellow Garnet Ore
gregtech:gt.blockores,1764,5528,FALSE,Yellow Garnet Ore
gregtech:gt.blockores,1764,6528,FALSE,Yellow Garnet Ore
gregtech:gt.blockores,1764,529,FALSE,Vinteum Ore
gregtech:gt.blockores,1764,1529,FALSE,Vinteum Ore
gregtech:gt.blockores,1764,2529,FALSE,Vinteum Ore
gregtech:gt.blockores,1764,3529,FALSE,Vinteum Ore
gregtech:gt.blockores,1764,4529,FALSE,Vinteum Ore
gregtech:gt.blockores,1764,5529,FALSE,Vinteum Ore
gregtech:gt.blockores,1764,6529,FALSE,Vinteum Ore
gregtech:gt.blockores,1764,530,FALSE,Apatite Ore
gregtech:gt.blockores,1764,1530,FALSE,Apatite Ore
gregtech:gt.blockores,1764,2530,FALSE,Apatite Ore
gregtech:gt.blockores,1764,3530,FALSE,Apatite Ore
gregtech:gt.blockores,1764,4530,FALSE,Apatite Ore
gregtech:gt.blockores,1764,5530,FALSE,Apatite Ore
gregtech:gt.blockores,1764,6530,FALSE,Apatite Ore
gregtech:gt.blockores,1764,531,FALSE,Niter Ore
gregtech:gt.blockores,1764,1531,FALSE,Niter Ore
gregtech:gt.blockores,1764,2531,FALSE,Niter Ore
gregtech:gt.blockores,1764,3531,FALSE,Niter Ore
gregtech:gt.blockores,1764,4531,FALSE,Niter Ore
gregtech:gt.blockores,1764,5531,FALSE,Niter Ore
gregtech:gt.blockores,1764,6531,FALSE,Niter Ore
gregtech:gt.blockores,1764,534,FALSE,Tricalcium Phosphate Ore
gregtech:gt.blockores,1764,1534,FALSE,Tricalcium Phosphate Ore
gregtech:gt.blockores,1764,2534,FALSE,Tricalcium Phosphate Ore
gregtech:gt.blockores,1764,3534,FALSE,Tricalcium Phosphate Ore
gregtech:gt.blockores,1764,4534,FALSE,Tricalcium Phosphate Ore
gregtech:gt.blockores,1764,5534,FALSE,Tricalcium Phosphate Ore
gregtech:gt.blockores,1764,6534,FALSE,Tricalcium Phosphate Ore
gregtech:gt.blockores,1764,535,FALSE,Coal Ore
gregtech:gt.blockores,1764,1535,FALSE,Coal Ore
gregtech:gt.blockores,1764,2535,FALSE,Coal Ore
gregtech:gt.blockores,1764,3535,FALSE,Coal Ore
gregtech:gt.blockores,1764,4535,FALSE,Coal Ore
gregtech:gt.blockores,1764,5535,FALSE,Coal Ore
gregtech:gt.blockores,1764,6535,FALSE,Coal Ore
gregtech:gt.blockores,1764,537,FALSE,Jade Ore
gregtech:gt.blockores,1764,1537,FALSE,Jade Ore
gregtech:gt.blockores,1764,2537,FALSE,Jade Ore
gregtech:gt.blockores,1764,3537,FALSE,Jade Ore
gregtech:gt.blockores,1764,4537,FALSE,Jade Ore
gregtech:gt.blockores,1764,5537,FALSE,Jade Ore
gregtech:gt.blockores,1764,6537,FALSE,Jade Ore
gregtech:gt.blockores,1764,538,FALSE,Lignite Coal Ore
gregtech:gt.blockores,1764,1538,FALSE,Lignite Coal Ore
gregtech:gt.blockores,1764,2538,FALSE,Lignite Coal Ore
gregtech:gt.blockores,1764,3538,FALSE,Lignite Coal Ore
gregtech:gt.blockores,1764,4538,FALSE,Lignite Coal Ore
gregtech:gt.blockores,1764,5538,FALSE,Lignite Coal Ore
gregtech:gt.blockores,1764,6538,FALSE,Lignite Coal Ore
gregtech:gt.blockores,1764,540,FALSE,Aer Infused Stone
gregtech:gt.blockores,1764,1540,FALSE,Aer Infused Stone
gregtech:gt.blockores,1764,2540,FALSE,Aer Infused Stone
gregtech:gt.blockores,1764,3540,FALSE,Aer Infused Stone
gregtech:gt.blockores,1764,4540,FALSE,Aer Infused Stone
gregtech:gt.blockores,1764,5540,FALSE,Aer Infused Stone
gregtech:gt.blockores,1764,6540,FALSE,Aer Infused Stone
gregtech:gt.blockores,1764,16540,FALSE,Small Aer Infused Stone
gregtech:gt.blockores,1764,17540,FALSE,Small Aer Infused Stone
gregtech:gt.blockores,1764,18540,FALSE,Small Aer Infused Stone
gregtech:gt.blockores,1764,19540,FALSE,Small Aer Infused Stone
gregtech:gt.blockores,1764,20540,FALSE,Small Aer Infused Stone
gregtech:gt.blockores,1764,21540,FALSE,Small Aer Infused Stone
gregtech:gt.blockores,1764,22540,FALSE,Small Aer Infused Stone
gregtech:gt.blockores,1764,541,FALSE,Ignis Infused Stone
gregtech:gt.blockores,1764,1541,FALSE,Ignis Infused Stone
gregtech:gt.blockores,1764,2541,FALSE,Ignis Infused Stone
gregtech:gt.blockores,1764,3541,FALSE,Ignis Infused Stone
gregtech:gt.blockores,1764,4541,FALSE,Ignis Infused Stone
gregtech:gt.blockores,1764,5541,FALSE,Ignis Infused Stone
gregtech:gt.blockores,1764,6541,FALSE,Ignis Infused Stone
gregtech:gt.blockores,1764,16541,FALSE,Small Ignis Infused Stone
gregtech:gt.blockores,1764,17541,FALSE,Small Ignis Infused Stone
gregtech:gt.blockores,1764,18541,FALSE,Small Ignis Infused Stone
gregtech:gt.blockores,1764,19541,FALSE,Small Ignis Infused Stone
gregtech:gt.blockores,1764,20541,FALSE,Small Ignis Infused Stone
gregtech:gt.blockores,1764,21541,FALSE,Small Ignis Infused Stone
gregtech:gt.blockores,1764,22541,FALSE,Small Ignis Infused Stone
gregtech:gt.blockores,1764,542,FALSE,Terra Infused Stone
gregtech:gt.blockores,1764,1542,FALSE,Terra Infused Stone
gregtech:gt.blockores,1764,2542,FALSE,Terra Infused Stone
gregtech:gt.blockores,1764,3542,FALSE,Terra Infused Stone
gregtech:gt.blockores,1764,4542,FALSE,Terra Infused Stone
gregtech:gt.blockores,1764,5542,FALSE,Terra Infused Stone
gregtech:gt.blockores,1764,6542,FALSE,Terra Infused Stone
gregtech:gt.blockores,1764,16542,FALSE,Small Terra Infused Stone
gregtech:gt.blockores,1764,17542,FALSE,Small Terra Infused Stone
gregtech:gt.blockores,1764,18542,FALSE,Small Terra Infused Stone
gregtech:gt.blockores,1764,19542,FALSE,Small Terra Infused Stone
gregtech:gt.blockores,1764,20542,FALSE,Small Terra Infused Stone
gregtech:gt.blockores,1764,21542,FALSE,Small Terra Infused Stone
gregtech:gt.blockores,1764,22542,FALSE,Small Terra Infused Stone
gregtech:gt.blockores,1764,543,FALSE,Aqua Infused Stone
gregtech:gt.blockores,1764,1543,FALSE,Aqua Infused Stone
gregtech:gt.blockores,1764,2543,FALSE,Aqua Infused Stone
gregtech:gt.blockores,1764,3543,FALSE,Aqua Infused Stone
gregtech:gt.blockores,1764,4543,FALSE,Aqua Infused Stone
gregtech:gt.blockores,1764,5543,FALSE,Aqua Infused Stone
gregtech:gt.blockores,1764,6543,FALSE,Aqua Infused Stone
gregtech:gt.blockores,1764,16543,FALSE,Small Aqua Infused Stone
gregtech:gt.blockores,1764,17543,FALSE,Small Aqua Infused Stone
gregtech:gt.blockores,1764,18543,FALSE,Small Aqua Infused Stone
gregtech:gt.blockores,1764,19543,FALSE,Small Aqua Infused Stone
gregtech:gt.blockores,1764,20543,FALSE,Small Aqua Infused Stone
gregtech:gt.blockores,1764,21543,FALSE,Small Aqua Infused Stone
gregtech:gt.blockores,1764,22543,FALSE,Small Aqua Infused Stone
gregtech:gt.blockores,1764,544,FALSE,Perditio Infused Stone
gregtech:gt.blockores,1764,1544,FALSE,Perditio Infused Stone
gregtech:gt.blockores,1764,2544,FALSE,Perditio Infused Stone
gregtech:gt.blockores,1764,3544,FALSE,Perditio Infused Stone
gregtech:gt.blockores,1764,4544,FALSE,Perditio Infused Stone
gregtech:gt.blockores,1764,5544,FALSE,Perditio Infused Stone
gregtech:gt.blockores,1764,6544,FALSE,Perditio Infused Stone
gregtech:gt.blockores,1764,16544,FALSE,Small Perditio Infused Stone
gregtech:gt.blockores,1764,17544,FALSE,Small Perditio Infused Stone
gregtech:gt.blockores,1764,18544,FALSE,Small Perditio Infused Stone
gregtech:gt.blockores,1764,19544,FALSE,Small Perditio Infused Stone
gregtech:gt.blockores,1764,20544,FALSE,Small Perditio Infused Stone
gregtech:gt.blockores,1764,21544,FALSE,Small Perditio Infused Stone
gregtech:gt.blockores,1764,22544,FALSE,Small Perditio Infused Stone
gregtech:gt.blockores,1764,545,FALSE,Ordo Infused Stone
gregtech:gt.blockores,1764,1545,FALSE,Ordo Infused Stone
gregtech:gt.blockores,1764,2545,FALSE,Ordo Infused Stone
gregtech:gt.blockores,1764,3545,FALSE,Ordo Infused Stone
gregtech:gt.blockores,1764,4545,FALSE,Ordo Infused Stone
gregtech:gt.blockores,1764,5545,FALSE,Ordo Infused Stone
gregtech:gt.blockores,1764,6545,FALSE,Ordo Infused Stone
gregtech:gt.blockores,1764,16545,FALSE,Small Ordo Infused Stone
gregtech:gt.blockores,1764,17545,FALSE,Small Ordo Infused Stone
gregtech:gt.blockores,1764,18545,FALSE,Small Ordo Infused Stone
gregtech:gt.blockores,1764,19545,FALSE,Small Ordo Infused Stone
gregtech:gt.blockores,1764,20545,FALSE,Small Ordo Infused Stone
gregtech:gt.blockores,1764,21545,FALSE,Small Ordo Infused Stone
gregtech:gt.blockores,1764,22545,FALSE,Small Ordo Infused Stone
gregtech:gt.blockores,1764,548,FALSE,Roasted Iron Ore
gregtech:gt.blockores,1764,1548,FALSE,Roasted Iron Ore
gregtech:gt.blockores,1764,2548,FALSE,Roasted Iron Ore
gregtech:gt.blockores,1764,3548,FALSE,Roasted Iron Ore
gregtech:gt.blockores,1764,4548,FALSE,Roasted Iron Ore
gregtech:gt.blockores,1764,5548,FALSE,Roasted Iron Ore
gregtech:gt.blockores,1764,6548,FALSE,Roasted Iron Ore
gregtech:gt.blockores,1764,549,FALSE,Roasted Nickel Ore
gregtech:gt.blockores,1764,1549,FALSE,Roasted Nickel Ore
gregtech:gt.blockores,1764,2549,FALSE,Roasted Nickel Ore
gregtech:gt.blockores,1764,3549,FALSE,Roasted Nickel Ore
gregtech:gt.blockores,1764,4549,FALSE,Roasted Nickel Ore
gregtech:gt.blockores,1764,5549,FALSE,Roasted Nickel Ore
gregtech:gt.blockores,1764,6549,FALSE,Roasted Nickel Ore
gregtech:gt.blockores,1764,607,FALSE,Pyrochlore Ore
gregtech:gt.blockores,1764,1607,FALSE,Pyrochlore Ore
gregtech:gt.blockores,1764,2607,FALSE,Pyrochlore Ore
gregtech:gt.blockores,1764,3607,FALSE,Pyrochlore Ore
gregtech:gt.blockores,1764,4607,FALSE,Pyrochlore Ore
gregtech:gt.blockores,1764,5607,FALSE,Pyrochlore Ore
gregtech:gt.blockores,1764,6607,FALSE,Pyrochlore Ore
gregtech:gt.blockores,1764,699,FALSE,Cryolite Ore
gregtech:gt.blockores,1764,1699,FALSE,Cryolite Ore
gregtech:gt.blockores,1764,2699,FALSE,Cryolite Ore
gregtech:gt.blockores,1764,3699,FALSE,Cryolite Ore
gregtech:gt.blockores,1764,4699,FALSE,Cryolite Ore
gregtech:gt.blockores,1764,5699,FALSE,Cryolite Ore
gregtech:gt.blockores,1764,6699,FALSE,Cryolite Ore
gregtech:gt.blockores,1764,770,FALSE,Endium Ore
gregtech:gt.blockores,1764,1770,FALSE,Endium Ore
gregtech:gt.blockores,1764,2770,FALSE,Endium Ore
gregtech:gt.blockores,1764,3770,FALSE,Endium Ore
gregtech:gt.blockores,1764,4770,FALSE,Endium Ore
gregtech:gt.blockores,1764,5770,FALSE,Endium Ore
gregtech:gt.blockores,1764,6770,FALSE,Endium Ore
gregtech:gt.blockores,1764,797,FALSE,Calcium Hydride Ore
gregtech:gt.blockores,1764,1797,FALSE,Calcium Hydride Ore
gregtech:gt.blockores,1764,2797,FALSE,Calcium Hydride Ore
gregtech:gt.blockores,1764,3797,FALSE,Calcium Hydride Ore
gregtech:gt.blockores,1764,4797,FALSE,Calcium Hydride Ore
gregtech:gt.blockores,1764,5797,FALSE,Calcium Hydride Ore
gregtech:gt.blockores,1764,6797,FALSE,Calcium Hydride Ore
gregtech:gt.blockores,1764,810,FALSE,Redstone Ore
gregtech:gt.blockores,1764,1810,FALSE,Redstone Ore
gregtech:gt.blockores,1764,2810,FALSE,Redstone Ore
gregtech:gt.blockores,1764,3810,FALSE,Redstone Ore
gregtech:gt.blockores,1764,4810,FALSE,Redstone Ore
gregtech:gt.blockores,1764,5810,FALSE,Redstone Ore
gregtech:gt.blockores,1764,6810,FALSE,Redstone Ore
gregtech:gt.blockores,1764,812,FALSE,Electrotine Ore
gregtech:gt.blockores,1764,1812,FALSE,Electrotine Ore
gregtech:gt.blockores,1764,2812,FALSE,Electrotine Ore
gregtech:gt.blockores,1764,3812,FALSE,Electrotine Ore
gregtech:gt.blockores,1764,4812,FALSE,Electrotine Ore
gregtech:gt.blockores,1764,5812,FALSE,Electrotine Ore
gregtech:gt.blockores,1764,6812,FALSE,Electrotine Ore
gregtech:gt.blockores,1764,817,FALSE,Salt Ore
gregtech:gt.blockores,1764,1817,FALSE,Salt Ore
gregtech:gt.blockores,1764,2817,FALSE,Salt Ore
gregtech:gt.blockores,1764,3817,FALSE,Salt Ore
gregtech:gt.blockores,1764,4817,FALSE,Salt Ore
gregtech:gt.blockores,1764,5817,FALSE,Salt Ore
gregtech:gt.blockores,1764,6817,FALSE,Salt Ore
gregtech:gt.blockores,1764,820,FALSE,Almandine Ore
gregtech:gt.blockores,1764,1820,FALSE,Almandine Ore
gregtech:gt.blockores,1764,2820,FALSE,Almandine Ore
gregtech:gt.blockores,1764,3820,FALSE,Almandine Ore
gregtech:gt.blockores,1764,4820,FALSE,Almandine Ore
gregtech:gt.blockores,1764,5820,FALSE,Almandine Ore
gregtech:gt.blockores,1764,6820,FALSE,Almandine Ore
gregtech:gt.blockores,1764,821,FALSE,Andradite Ore
gregtech:gt.blockores,1764,1821,FALSE,Andradite Ore
gregtech:gt.blockores,1764,2821,FALSE,Andradite Ore
gregtech:gt.blockores,1764,3821,FALSE,Andradite Ore
gregtech:gt.blockores,1764,4821,FALSE,Andradite Ore
gregtech:gt.blockores,1764,5821,FALSE,Andradite Ore
gregtech:gt.blockores,1764,6821,FALSE,Andradite Ore
gregtech:gt.blockores,1764,822,FALSE,Bauxite Ore
gregtech:gt.blockores,1764,1822,FALSE,Bauxite Ore
gregtech:gt.blockores,1764,2822,FALSE,Bauxite Ore
gregtech:gt.blockores,1764,3822,FALSE,Bauxite Ore
gregtech:gt.blockores,1764,4822,FALSE,Bauxite Ore
gregtech:gt.blockores,1764,5822,FALSE,Bauxite Ore
gregtech:gt.blockores,1764,6822,FALSE,Bauxite Ore
gregtech:gt.blockores,1764,823,FALSE,Calcite Ore
gregtech:gt.blockores,1764,1823,FALSE,Calcite Ore
gregtech:gt.blockores,1764,2823,FALSE,Calcite Ore
gregtech:gt.blockores,1764,3823,FALSE,Calcite Ore
gregtech:gt.blockores,1764,4823,FALSE,Calcite Ore
gregtech:gt.blockores,1764,5823,FALSE,Calcite Ore
gregtech:gt.blockores,1764,6823,FALSE,Calcite Ore
gregtech:gt.blockores,1764,824,FALSE,Cassiterite Ore
gregtech:gt.blockores,1764,1824,FALSE,Cassiterite Ore
gregtech:gt.blockores,1764,2824,FALSE,Cassiterite Ore
gregtech:gt.blockores,1764,3824,FALSE,Cassiterite Ore
gregtech:gt.blockores,1764,4824,FALSE,Cassiterite Ore
gregtech:gt.blockores,1764,5824,FALSE,Cassiterite Ore
gregtech:gt.blockores,1764,6824,FALSE,Cassiterite Ore
gregtech:gt.blockores,1764,825,FALSE,Chromite Ore
gregtech:gt.blockores,1764,1825,FALSE,Chromite Ore
gregtech:gt.blockores,1764,2825,FALSE,Chromite Ore
gregtech:gt.blockores,1764,3825,FALSE,Chromite Ore
gregtech:gt.blockores,1764,4825,FALSE,Chromite Ore
gregtech:gt.blockores,1764,5825,FALSE,Chromite Ore
gregtech:gt.blockores,1764,6825,FALSE,Chromite Ore
gregtech:gt.blockores,1764,826,FALSE,Cinnabar Ore
gregtech:gt.blockores,1764,1826,FALSE,Cinnabar Ore
gregtech:gt.blockores,1764,2826,FALSE,Cinnabar Ore
gregtech:gt.blockores,1764,3826,FALSE,Cinnabar Ore
gregtech:gt.blockores,1764,4826,FALSE,Cinnabar Ore
gregtech:gt.blockores,1764,5826,FALSE,Cinnabar Ore
gregtech:gt.blockores,1764,6826,FALSE,Cinnabar Ore
gregtech:gt.blockores,1764,827,FALSE,Cobaltite Ore
gregtech:gt.blockores,1764,1827,FALSE,Cobaltite Ore
gregtech:gt.blockores,1764,2827,FALSE,Cobaltite Ore
gregtech:gt.blockores,1764,3827,FALSE,Cobaltite Ore
gregtech:gt.blockores,1764,4827,FALSE,Cobaltite Ore
gregtech:gt.blockores,1764,5827,FALSE,Cobaltite Ore
gregtech:gt.blockores,1764,6827,FALSE,Cobaltite Ore
gregtech:gt.blockores,1764,828,FALSE,Sheldonite Ore
gregtech:gt.blockores,1764,1828,FALSE,Sheldonite Ore
gregtech:gt.blockores,1764,2828,FALSE,Sheldonite Ore
gregtech:gt.blockores,1764,3828,FALSE,Sheldonite Ore
gregtech:gt.blockores,1764,4828,FALSE,Sheldonite Ore
gregtech:gt.blockores,1764,5828,FALSE,Sheldonite Ore
gregtech:gt.blockores,1764,6828,FALSE,Sheldonite Ore
gregtech:gt.blockores,1764,829,FALSE,Deep Iron Ore
gregtech:gt.blockores,1764,1829,FALSE,Deep Iron Ore
gregtech:gt.blockores,1764,2829,FALSE,Deep Iron Ore
gregtech:gt.blockores,1764,3829,FALSE,Deep Iron Ore
gregtech:gt.blockores,1764,4829,FALSE,Deep Iron Ore
gregtech:gt.blockores,1764,5829,FALSE,Deep Iron Ore
gregtech:gt.blockores,1764,6829,FALSE,Deep Iron Ore
gregtech:gt.blockores,1764,830,FALSE,Galena Ore
gregtech:gt.blockores,1764,1830,FALSE,Galena Ore
gregtech:gt.blockores,1764,2830,FALSE,Galena Ore
gregtech:gt.blockores,1764,3830,FALSE,Galena Ore
gregtech:gt.blockores,1764,4830,FALSE,Galena Ore
gregtech:gt.blockores,1764,5830,FALSE,Galena Ore
gregtech:gt.blockores,1764,6830,FALSE,Galena Ore
gregtech:gt.blockores,1764,831,FALSE,Grossular Ore
gregtech:gt.blockores,1764,1831,FALSE,Grossular Ore
gregtech:gt.blockores,1764,2831,FALSE,Grossular Ore
gregtech:gt.blockores,1764,3831,FALSE,Grossular Ore
gregtech:gt.blockores,1764,4831,FALSE,Grossular Ore
gregtech:gt.blockores,1764,5831,FALSE,Grossular Ore
gregtech:gt.blockores,1764,6831,FALSE,Grossular Ore
gregtech:gt.blockores,1764,833,FALSE,Phosphate Ore
gregtech:gt.blockores,1764,1833,FALSE,Phosphate Ore
gregtech:gt.blockores,1764,2833,FALSE,Phosphate Ore
gregtech:gt.blockores,1764,3833,FALSE,Phosphate Ore
gregtech:gt.blockores,1764,4833,FALSE,Phosphate Ore
gregtech:gt.blockores,1764,5833,FALSE,Phosphate Ore
gregtech:gt.blockores,1764,6833,FALSE,Phosphate Ore
gregtech:gt.blockores,1764,834,FALSE,Pyrite Ore
gregtech:gt.blockores,1764,1834,FALSE,Pyrite Ore
gregtech:gt.blockores,1764,2834,FALSE,Pyrite Ore
gregtech:gt.blockores,1764,3834,FALSE,Pyrite Ore
gregtech:gt.blockores,1764,4834,FALSE,Pyrite Ore
gregtech:gt.blockores,1764,5834,FALSE,Pyrite Ore
gregtech:gt.blockores,1764,6834,FALSE,Pyrite Ore
gregtech:gt.blockores,1764,835,FALSE,Pyrope Ore
gregtech:gt.blockores,1764,1835,FALSE,Pyrope Ore
gregtech:gt.blockores,1764,2835,FALSE,Pyrope Ore
gregtech:gt.blockores,1764,3835,FALSE,Pyrope Ore
gregtech:gt.blockores,1764,4835,FALSE,Pyrope Ore
gregtech:gt.blockores,1764,5835,FALSE,Pyrope Ore
gregtech:gt.blockores,1764,6835,FALSE,Pyrope Ore
gregtech:gt.blockores,1764,836,FALSE,Saltpeter Ore
gregtech:gt.blockores,1764,1836,FALSE,Saltpeter Ore
gregtech:gt.blockores,1764,2836,FALSE,Saltpeter Ore
gregtech:gt.blockores,1764,3836,FALSE,Saltpeter Ore
gregtech:gt.blockores,1764,4836,FALSE,Saltpeter Ore
gregtech:gt.blockores,1764,5836,FALSE,Saltpeter Ore
gregtech:gt.blockores,1764,6836,FALSE,Saltpeter Ore
gregtech:gt.blockores,1764,838,FALSE,Spessartine Ore
gregtech:gt.blockores,1764,1838,FALSE,Spessartine Ore
gregtech:gt.blockores,1764,2838,FALSE,Spessartine Ore
gregtech:gt.blockores,1764,3838,FALSE,Spessartine Ore
gregtech:gt.blockores,1764,4838,FALSE,Spessartine Ore
gregtech:gt.blockores,1764,5838,FALSE,Spessartine Ore
gregtech:gt.blockores,1764,6838,FALSE,Spessartine Ore
gregtech:gt.blockores,1764,839,FALSE,Sphalerite Ore
gregtech:gt.blockores,1764,1839,FALSE,Sphalerite Ore
gregtech:gt.blockores,1764,2839,FALSE,Sphalerite Ore
gregtech:gt.blockores,1764,3839,FALSE,Sphalerite Ore
gregtech:gt.blockores,1764,4839,FALSE,Sphalerite Ore
gregtech:gt.blockores,1764,5839,FALSE,Sphalerite Ore
gregtech:gt.blockores,1764,6839,FALSE,Sphalerite Ore
gregtech:gt.blockores,1764,840,FALSE,Tetrahedrite Ore
gregtech:gt.blockores,1764,1840,FALSE,Tetrahedrite Ore
gregtech:gt.blockores,1764,2840,FALSE,Tetrahedrite Ore
gregtech:gt.blockores,1764,3840,FALSE,Tetrahedrite Ore
gregtech:gt.blockores,1764,4840,FALSE,Tetrahedrite Ore
gregtech:gt.blockores,1764,5840,FALSE,Tetrahedrite Ore
gregtech:gt.blockores,1764,6840,FALSE,Tetrahedrite Ore
gregtech:gt.blockores,1764,841,FALSE,Tungstate Ore
gregtech:gt.blockores,1764,1841,FALSE,Tungstate Ore
gregtech:gt.blockores,1764,2841,FALSE,Tungstate Ore
gregtech:gt.blockores,1764,3841,FALSE,Tungstate Ore
gregtech:gt.blockores,1764,4841,FALSE,Tungstate Ore
gregtech:gt.blockores,1764,5841,FALSE,Tungstate Ore
gregtech:gt.blockores,1764,6841,FALSE,Tungstate Ore
gregtech:gt.blockores,1764,842,FALSE,Uvarovite Ore
gregtech:gt.blockores,1764,1842,FALSE,Uvarovite Ore
gregtech:gt.blockores,1764,2842,FALSE,Uvarovite Ore
gregtech:gt.blockores,1764,3842,FALSE,Uvarovite Ore
gregtech:gt.blockores,1764,4842,FALSE,Uvarovite Ore
gregtech:gt.blockores,1764,5842,FALSE,Uvarovite Ore
gregtech:gt.blockores,1764,6842,FALSE,Uvarovite Ore
gregtech:gt.blockores,1764,855,FALSE,Chalcopyrite Ore
gregtech:gt.blockores,1764,1855,FALSE,Chalcopyrite Ore
gregtech:gt.blockores,1764,2855,FALSE,Chalcopyrite Ore
gregtech:gt.blockores,1764,3855,FALSE,Chalcopyrite Ore
gregtech:gt.blockores,1764,4855,FALSE,Chalcopyrite Ore
gregtech:gt.blockores,1764,5855,FALSE,Chalcopyrite Ore
gregtech:gt.blockores,1764,6855,FALSE,Chalcopyrite Ore
gregtech:gt.blockores,1764,856,FALSE,Silicon Solar Grade (Poly SI) Ore
gregtech:gt.blockores,1764,1856,FALSE,Silicon Solar Grade (Poly SI) Ore
gregtech:gt.blockores,1764,2856,FALSE,Silicon Solar Grade (Poly SI) Ore
gregtech:gt.blockores,1764,3856,FALSE,Silicon Solar Grade (Poly SI) Ore
gregtech:gt.blockores,1764,4856,FALSE,Silicon Solar Grade (Poly SI) Ore
gregtech:gt.blockores,1764,5856,FALSE,Silicon Solar Grade (Poly SI) Ore
gregtech:gt.blockores,1764,6856,FALSE,Silicon Solar Grade (Poly SI) Ore
gregtech:gt.blockores,1764,861,FALSE,Emery Ore
gregtech:gt.blockores,1764,1861,FALSE,Emery Ore
gregtech:gt.blockores,1764,2861,FALSE,Emery Ore
gregtech:gt.blockores,1764,3861,FALSE,Emery Ore
gregtech:gt.blockores,1764,4861,FALSE,Emery Ore
gregtech:gt.blockores,1764,5861,FALSE,Emery Ore
gregtech:gt.blockores,1764,6861,FALSE,Emery Ore
gregtech:gt.blockores,1764,865,FALSE,Graphite Ore
gregtech:gt.blockores,1764,1865,FALSE,Graphite Ore
gregtech:gt.blockores,1764,2865,FALSE,Graphite Ore
gregtech:gt.blockores,1764,3865,FALSE,Graphite Ore
gregtech:gt.blockores,1764,4865,FALSE,Graphite Ore
gregtech:gt.blockores,1764,5865,FALSE,Graphite Ore
gregtech:gt.blockores,1764,6865,FALSE,Graphite Ore
gregtech:gt.blockores,1764,868,FALSE,Trinium Ore
gregtech:gt.blockores,1764,1868,FALSE,Trinium Ore
gregtech:gt.blockores,1764,2868,FALSE,Trinium Ore
gregtech:gt.blockores,1764,3868,FALSE,Trinium Ore
gregtech:gt.blockores,1764,4868,FALSE,Trinium Ore
gregtech:gt.blockores,1764,5868,FALSE,Trinium Ore
gregtech:gt.blockores,1764,6868,FALSE,Trinium Ore
gregtech:gt.blockores,1764,870,FALSE,Magnetite Ore
gregtech:gt.blockores,1764,1870,FALSE,Magnetite Ore
gregtech:gt.blockores,1764,2870,FALSE,Magnetite Ore
gregtech:gt.blockores,1764,3870,FALSE,Magnetite Ore
gregtech:gt.blockores,1764,4870,FALSE,Magnetite Ore
gregtech:gt.blockores,1764,5870,FALSE,Magnetite Ore
gregtech:gt.blockores,1764,6870,FALSE,Magnetite Ore
gregtech:gt.blockores,1764,871,FALSE,Malachite Ore
gregtech:gt.blockores,1764,1871,FALSE,Malachite Ore
gregtech:gt.blockores,1764,2871,FALSE,Malachite Ore
gregtech:gt.blockores,1764,3871,FALSE,Malachite Ore
gregtech:gt.blockores,1764,4871,FALSE,Malachite Ore
gregtech:gt.blockores,1764,5871,FALSE,Malachite Ore
gregtech:gt.blockores,1764,6871,FALSE,Malachite Ore
gregtech:gt.blockores,1764,873,FALSE,Pitchblende
gregtech:gt.blockores,1764,1873,FALSE,Pitchblende
gregtech:gt.blockores,1764,2873,FALSE,Pitchblende
gregtech:gt.blockores,1764,3873,FALSE,Pitchblende
gregtech:gt.blockores,1764,4873,FALSE,Pitchblende
gregtech:gt.blockores,1764,5873,FALSE,Pitchblende
gregtech:gt.blockores,1764,6873,FALSE,Pitchblende
gregtech:gt.blockores,1764,16873,FALSE,Small Pitchblende
gregtech:gt.blockores,1764,17873,FALSE,Small Pitchblende
gregtech:gt.blockores,1764,18873,FALSE,Small Pitchblende
gregtech:gt.blockores,1764,19873,FALSE,Small Pitchblende
gregtech:gt.blockores,1764,20873,FALSE,Small Pitchblende
gregtech:gt.blockores,1764,21873,FALSE,Small Pitchblende
gregtech:gt.blockores,1764,22873,FALSE,Small Pitchblende
gregtech:gt.blockores,1764,877,FALSE,Soapstone Ore
gregtech:gt.blockores,1764,1877,FALSE,Soapstone Ore
gregtech:gt.blockores,1764,2877,FALSE,Soapstone Ore
gregtech:gt.blockores,1764,3877,FALSE,Soapstone Ore
gregtech:gt.blockores,1764,4877,FALSE,Soapstone Ore
gregtech:gt.blockores,1764,5877,FALSE,Soapstone Ore
gregtech:gt.blockores,1764,6877,FALSE,Soapstone Ore
gregtech:gt.blockores,1764,878,FALSE,Oilsands Ore
gregtech:gt.blockores,1764,1878,FALSE,Oilsands Ore
gregtech:gt.blockores,1764,2878,FALSE,Oilsands Ore
gregtech:gt.blockores,1764,3878,FALSE,Oilsands Ore
gregtech:gt.blockores,1764,4878,FALSE,Oilsands Ore
gregtech:gt.blockores,1764,5878,FALSE,Oilsands Ore
gregtech:gt.blockores,1764,6878,FALSE,Oilsands Ore
gregtech:gt.blockores,1764,882,FALSE,Wulfenite Ore
gregtech:gt.blockores,1764,1882,FALSE,Wulfenite Ore
gregtech:gt.blockores,1764,2882,FALSE,Wulfenite Ore
gregtech:gt.blockores,1764,3882,FALSE,Wulfenite Ore
gregtech:gt.blockores,1764,4882,FALSE,Wulfenite Ore
gregtech:gt.blockores,1764,5882,FALSE,Wulfenite Ore
gregtech:gt.blockores,1764,6882,FALSE,Wulfenite Ore
gregtech:gt.blockores,1764,883,FALSE,Powellite Ore
gregtech:gt.blockores,1764,1883,FALSE,Powellite Ore
gregtech:gt.blockores,1764,2883,FALSE,Powellite Ore
gregtech:gt.blockores,1764,3883,FALSE,Powellite Ore
gregtech:gt.blockores,1764,4883,FALSE,Powellite Ore
gregtech:gt.blockores,1764,5883,FALSE,Powellite Ore
gregtech:gt.blockores,1764,6883,FALSE,Powellite Ore
gregtech:gt.blockores,1764,884,FALSE,Desh Ore
gregtech:gt.blockores,1764,1884,FALSE,Desh Ore
gregtech:gt.blockores,1764,2884,FALSE,Desh Ore
gregtech:gt.blockores,1764,3884,FALSE,Desh Ore
gregtech:gt.blockores,1764,4884,FALSE,Desh Ore
gregtech:gt.blockores,1764,5884,FALSE,Desh Ore
gregtech:gt.blockores,1764,6884,FALSE,Desh Ore
gregtech:gt.blockores,1764,894,FALSE,Cheese Ore
gregtech:gt.blockores,1764,1894,FALSE,Cheese Ore
gregtech:gt.blockores,1764,2894,FALSE,Cheese Ore
gregtech:gt.blockores,1764,3894,FALSE,Cheese Ore
gregtech:gt.blockores,1764,4894,FALSE,Cheese Ore
gregtech:gt.blockores,1764,5894,FALSE,Cheese Ore
gregtech:gt.blockores,1764,6894,FALSE,Cheese Ore
gregtech:gt.blockores,1764,900,FALSE,Mirabilite Ore
gregtech:gt.blockores,1764,1900,FALSE,Mirabilite Ore
gregtech:gt.blockores,1764,2900,FALSE,Mirabilite Ore
gregtech:gt.blockores,1764,3900,FALSE,Mirabilite Ore
gregtech:gt.blockores,1764,4900,FALSE,Mirabilite Ore
gregtech:gt.blockores,1764,5900,FALSE,Mirabilite Ore
gregtech:gt.blockores,1764,6900,FALSE,Mirabilite Ore
gregtech:gt.blockores,1764,901,FALSE,Mica Ore
gregtech:gt.blockores,1764,1901,FALSE,Mica Ore
gregtech:gt.blockores,1764,2901,FALSE,Mica Ore
gregtech:gt.blockores,1764,3901,FALSE,Mica Ore
gregtech:gt.blockores,1764,4901,FALSE,Mica Ore
gregtech:gt.blockores,1764,5901,FALSE,Mica Ore
gregtech:gt.blockores,1764,6901,FALSE,Mica Ore
gregtech:gt.blockores,1764,902,FALSE,Talc
gregtech:gt.blockores,1764,1902,FALSE,Talc
gregtech:gt.blockores,1764,2902,FALSE,Talc
gregtech:gt.blockores,1764,3902,FALSE,Talc
gregtech:gt.blockores,1764,4902,FALSE,Talc
gregtech:gt.blockores,1764,5902,FALSE,Talc
gregtech:gt.blockores,1764,6902,FALSE,Talc
gregtech:gt.blockores,1764,16902,FALSE,Small Talc
gregtech:gt.blockores,1764,17902,FALSE,Small Talc
gregtech:gt.blockores,1764,18902,FALSE,Small Talc
gregtech:gt.blockores,1764,19902,FALSE,Small Talc
gregtech:gt.blockores,1764,20902,FALSE,Small Talc
gregtech:gt.blockores,1764,21902,FALSE,Small Talc
gregtech:gt.blockores,1764,22902,FALSE,Small Talc
gregtech:gt.blockores,1764,903,FALSE,Trona Ore
gregtech:gt.blockores,1764,1903,FALSE,Trona Ore
gregtech:gt.blockores,1764,2903,FALSE,Trona Ore
gregtech:gt.blockores,1764,3903,FALSE,Trona Ore
gregtech:gt.blockores,1764,4903,FALSE,Trona Ore
gregtech:gt.blockores,1764,5903,FALSE,Trona Ore
gregtech:gt.blockores,1764,6903,FALSE,Trona Ore
gregtech:gt.blockores,1764,904,FALSE,Barite Ore
gregtech:gt.blockores,1764,1904,FALSE,Barite Ore
gregtech:gt.blockores,1764,2904,FALSE,Barite Ore
gregtech:gt.blockores,1764,3904,FALSE,Barite Ore
gregtech:gt.blockores,1764,4904,FALSE,Barite Ore
gregtech:gt.blockores,1764,5904,FALSE,Barite Ore
gregtech:gt.blockores,1764,6904,FALSE,Barite Ore
gregtech:gt.blockores,1764,905,FALSE,Bastnasite Ore
gregtech:gt.blockores,1764,1905,FALSE,Bastnasite Ore
gregtech:gt.blockores,1764,2905,FALSE,Bastnasite Ore
gregtech:gt.blockores,1764,3905,FALSE,Bastnasite Ore
gregtech:gt.blockores,1764,4905,FALSE,Bastnasite Ore
gregtech:gt.blockores,1764,5905,FALSE,Bastnasite Ore
gregtech:gt.blockores,1764,6905,FALSE,Bastnasite Ore
gregtech:gt.blockores,1764,906,FALSE,Garnierite Ore
gregtech:gt.blockores,1764,1906,FALSE,Garnierite Ore
gregtech:gt.blockores,1764,2906,FALSE,Garnierite Ore
gregtech:gt.blockores,1764,3906,FALSE,Garnierite Ore
gregtech:gt.blockores,1764,4906,FALSE,Garnierite Ore
gregtech:gt.blockores,1764,5906,FALSE,Garnierite Ore
gregtech:gt.blockores,1764,6906,FALSE,Garnierite Ore
gregtech:gt.blockores,1764,907,FALSE,Lepidolite Ore
gregtech:gt.blockores,1764,1907,FALSE,Lepidolite Ore
gregtech:gt.blockores,1764,2907,FALSE,Lepidolite Ore
gregtech:gt.blockores,1764,3907,FALSE,Lepidolite Ore
gregtech:gt.blockores,1764,4907,FALSE,Lepidolite Ore
gregtech:gt.blockores,1764,5907,FALSE,Lepidolite Ore
gregtech:gt.blockores,1764,6907,FALSE,Lepidolite Ore
gregtech:gt.blockores,1764,908,FALSE,Magnesite Ore
gregtech:gt.blockores,1764,1908,FALSE,Magnesite Ore
gregtech:gt.blockores,1764,2908,FALSE,Magnesite Ore
gregtech:gt.blockores,1764,3908,FALSE,Magnesite Ore
gregtech:gt.blockores,1764,4908,FALSE,Magnesite Ore
gregtech:gt.blockores,1764,5908,FALSE,Magnesite Ore
gregtech:gt.blockores,1764,6908,FALSE,Magnesite Ore
gregtech:gt.blockores,1764,909,FALSE,Pentlandite Ore
gregtech:gt.blockores,1764,1909,FALSE,Pentlandite Ore
gregtech:gt.blockores,1764,2909,FALSE,Pentlandite Ore
gregtech:gt.blockores,1764,3909,FALSE,Pentlandite Ore
gregtech:gt.blockores,1764,4909,FALSE,Pentlandite Ore
gregtech:gt.blockores,1764,5909,FALSE,Pentlandite Ore
gregtech:gt.blockores,1764,6909,FALSE,Pentlandite Ore
gregtech:gt.blockores,1764,910,FALSE,Scheelite Ore
gregtech:gt.blockores,1764,1910,FALSE,Scheelite Ore
gregtech:gt.blockores,1764,2910,FALSE,Scheelite Ore
gregtech:gt.blockores,1764,3910,FALSE,Scheelite Ore
gregtech:gt.blockores,1764,4910,FALSE,Scheelite Ore
gregtech:gt.blockores,1764,5910,FALSE,Scheelite Ore
gregtech:gt.blockores,1764,6910,FALSE,Scheelite Ore
gregtech:gt.blockores,1764,911,FALSE,Alunite Ore
gregtech:gt.blockores,1764,1911,FALSE,Alunite Ore
gregtech:gt.blockores,1764,2911,FALSE,Alunite Ore
gregtech:gt.blockores,1764,3911,FALSE,Alunite Ore
gregtech:gt.blockores,1764,4911,FALSE,Alunite Ore
gregtech:gt.blockores,1764,5911,FALSE,Alunite Ore
gregtech:gt.blockores,1764,6911,FALSE,Alunite Ore
gregtech:gt.blockores,1764,912,FALSE,Chrysotile Ore
gregtech:gt.blockores,1764,1912,FALSE,Chrysotile Ore
gregtech:gt.blockores,1764,2912,FALSE,Chrysotile Ore
gregtech:gt.blockores,1764,3912,FALSE,Chrysotile Ore
gregtech:gt.blockores,1764,4912,FALSE,Chrysotile Ore
gregtech:gt.blockores,1764,5912,FALSE,Chrysotile Ore
gregtech:gt.blockores,1764,6912,FALSE,Chrysotile Ore
gregtech:gt.blockores,1764,913,FALSE,Realgar Ore
gregtech:gt.blockores,1764,1913,FALSE,Realgar Ore
gregtech:gt.blockores,1764,2913,FALSE,Realgar Ore
gregtech:gt.blockores,1764,3913,FALSE,Realgar Ore
gregtech:gt.blockores,1764,4913,FALSE,Realgar Ore
gregtech:gt.blockores,1764,5913,FALSE,Realgar Ore
gregtech:gt.blockores,1764,6913,FALSE,Realgar Ore
gregtech:gt.blockores,1764,914,FALSE,Dolomite Ore
gregtech:gt.blockores,1764,1914,FALSE,Dolomite Ore
gregtech:gt.blockores,1764,2914,FALSE,Dolomite Ore
gregtech:gt.blockores,1764,3914,FALSE,Dolomite Ore
gregtech:gt.blockores,1764,4914,FALSE,Dolomite Ore
gregtech:gt.blockores,1764,5914,FALSE,Dolomite Ore
gregtech:gt.blockores,1764,6914,FALSE,Dolomite Ore
gregtech:gt.blockores,1764,915,FALSE,Wollastonite Ore
gregtech:gt.blockores,1764,1915,FALSE,Wollastonite Ore
gregtech:gt.blockores,1764,2915,FALSE,Wollastonite Ore
gregtech:gt.blockores,1764,3915,FALSE,Wollastonite Ore
gregtech:gt.blockores,1764,4915,FALSE,Wollastonite Ore
gregtech:gt.blockores,1764,5915,FALSE,Wollastonite Ore
gregtech:gt.blockores,1764,6915,FALSE,Wollastonite Ore
gregtech:gt.blockores,1764,916,FALSE,Zeolite Ore
gregtech:gt.blockores,1764,1916,FALSE,Zeolite Ore
gregtech:gt.blockores,1764,2916,FALSE,Zeolite Ore
gregtech:gt.blockores,1764,3916,FALSE,Zeolite Ore
gregtech:gt.blockores,1764,4916,FALSE,Zeolite Ore
gregtech:gt.blockores,1764,5916,FALSE,Zeolite Ore
gregtech:gt.blockores,1764,6916,FALSE,Zeolite Ore
gregtech:gt.blockores,1764,917,FALSE,Banded Iron Ore
gregtech:gt.blockores,1764,1917,FALSE,Banded Iron Ore
gregtech:gt.blockores,1764,2917,FALSE,Banded Iron Ore
gregtech:gt.blockores,1764,3917,FALSE,Banded Iron Ore
gregtech:gt.blockores,1764,4917,FALSE,Banded Iron Ore
gregtech:gt.blockores,1764,5917,FALSE,Banded Iron Ore
gregtech:gt.blockores,1764,6917,FALSE,Banded Iron Ore
gregtech:gt.blockores,1764,918,FALSE,Ilmenite Ore
gregtech:gt.blockores,1764,1918,FALSE,Ilmenite Ore
gregtech:gt.blockores,1764,2918,FALSE,Ilmenite Ore
gregtech:gt.blockores,1764,3918,FALSE,Ilmenite Ore
gregtech:gt.blockores,1764,4918,FALSE,Ilmenite Ore
gregtech:gt.blockores,1764,5918,FALSE,Ilmenite Ore
gregtech:gt.blockores,1764,6918,FALSE,Ilmenite Ore
gregtech:gt.blockores,1764,919,FALSE,Pollucite Ore
gregtech:gt.blockores,1764,1919,FALSE,Pollucite Ore
gregtech:gt.blockores,1764,2919,FALSE,Pollucite Ore
gregtech:gt.blockores,1764,3919,FALSE,Pollucite Ore
gregtech:gt.blockores,1764,4919,FALSE,Pollucite Ore
gregtech:gt.blockores,1764,5919,FALSE,Pollucite Ore
gregtech:gt.blockores,1764,6919,FALSE,Pollucite Ore
gregtech:gt.blockores,1764,920,FALSE,Spodumene Ore
gregtech:gt.blockores,1764,1920,FALSE,Spodumene Ore
gregtech:gt.blockores,1764,2920,FALSE,Spodumene Ore
gregtech:gt.blockores,1764,3920,FALSE,Spodumene Ore
gregtech:gt.blockores,1764,4920,FALSE,Spodumene Ore
gregtech:gt.blockores,1764,5920,FALSE,Spodumene Ore
gregtech:gt.blockores,1764,6920,FALSE,Spodumene Ore
gregtech:gt.blockores,1764,921,FALSE,Tantalite Ore
gregtech:gt.blockores,1764,1921,FALSE,Tantalite Ore
gregtech:gt.blockores,1764,2921,FALSE,Tantalite Ore
gregtech:gt.blockores,1764,3921,FALSE,Tantalite Ore
gregtech:gt.blockores,1764,4921,FALSE,Tantalite Ore
gregtech:gt.blockores,1764,5921,FALSE,Tantalite Ore
gregtech:gt.blockores,1764,6921,FALSE,Tantalite Ore
gregtech:gt.blockores,1764,922,FALSE,Uraninite Ore
gregtech:gt.blockores,1764,1922,FALSE,Uraninite Ore
gregtech:gt.blockores,1764,2922,FALSE,Uraninite Ore
gregtech:gt.blockores,1764,3922,FALSE,Uraninite Ore
gregtech:gt.blockores,1764,4922,FALSE,Uraninite Ore
gregtech:gt.blockores,1764,5922,FALSE,Uraninite Ore
gregtech:gt.blockores,1764,6922,FALSE,Uraninite Ore
gregtech:gt.blockores,1764,923,FALSE,Vanadium Magnetite Ore
gregtech:gt.blockores,1764,1923,FALSE,Vanadium Magnetite Ore
gregtech:gt.blockores,1764,2923,FALSE,Vanadium Magnetite Ore
gregtech:gt.blockores,1764,3923,FALSE,Vanadium Magnetite Ore
gregtech:gt.blockores,1764,4923,FALSE,Vanadium Magnetite Ore
gregtech:gt.blockores,1764,5923,FALSE,Vanadium Magnetite Ore
gregtech:gt.blockores,1764,6923,FALSE,Vanadium Magnetite Ore
gregtech:gt.blockores,1764,924,FALSE,Kyanite Ore
gregtech:gt.blockores,1764,1924,FALSE,Kyanite Ore
gregtech:gt.blockores,1764,2924,FALSE,Kyanite Ore
gregtech:gt.blockores,1764,3924,FALSE,Kyanite Ore
gregtech:gt.blockores,1764,4924,FALSE,Kyanite Ore
gregtech:gt.blockores,1764,5924,FALSE,Kyanite Ore
gregtech:gt.blockores,1764,6924,FALSE,Kyanite Ore
gregtech:gt.blockores,1764,925,FALSE,Perlite Ore
gregtech:gt.blockores,1764,1925,FALSE,Perlite Ore
gregtech:gt.blockores,1764,2925,FALSE,Perlite Ore
gregtech:gt.blockores,1764,3925,FALSE,Perlite Ore
gregtech:gt.blockores,1764,4925,FALSE,Perlite Ore
gregtech:gt.blockores,1764,5925,FALSE,Perlite Ore
gregtech:gt.blockores,1764,6925,FALSE,Perlite Ore
gregtech:gt.blockores,1764,926,FALSE,Pumice Ore
gregtech:gt.blockores,1764,1926,FALSE,Pumice Ore
gregtech:gt.blockores,1764,2926,FALSE,Pumice Ore
gregtech:gt.blockores,1764,3926,FALSE,Pumice Ore
gregtech:gt.blockores,1764,4926,FALSE,Pumice Ore
gregtech:gt.blockores,1764,5926,FALSE,Pumice Ore
gregtech:gt.blockores,1764,6926,FALSE,Pumice Ore
gregtech:gt.blockores,1764,927,FALSE,Bentonite
gregtech:gt.blockores,1764,1927,FALSE,Bentonite
gregtech:gt.blockores,1764,2927,FALSE,Bentonite
gregtech:gt.blockores,1764,3927,FALSE,Bentonite
gregtech:gt.blockores,1764,4927,FALSE,Bentonite
gregtech:gt.blockores,1764,5927,FALSE,Bentonite
gregtech:gt.blockores,1764,6927,FALSE,Bentonite
gregtech:gt.blockores,1764,16927,FALSE,Small Bentonite
gregtech:gt.blockores,1764,17927,FALSE,Small Bentonite
gregtech:gt.blockores,1764,18927,FALSE,Small Bentonite
gregtech:gt.blockores,1764,19927,FALSE,Small Bentonite
gregtech:gt.blockores,1764,20927,FALSE,Small Bentonite
gregtech:gt.blockores,1764,21927,FALSE,Small Bentonite
gregtech:gt.blockores,1764,22927,FALSE,Small Bentonite
gregtech:gt.blockores,1764,928,FALSE,Fullers Earth
gregtech:gt.blockores,1764,1928,FALSE,Fullers Earth
gregtech:gt.blockores,1764,2928,FALSE,Fullers Earth
gregtech:gt.blockores,1764,3928,FALSE,Fullers Earth
gregtech:gt.blockores,1764,4928,FALSE,Fullers Earth
gregtech:gt.blockores,1764,5928,FALSE,Fullers Earth
gregtech:gt.blockores,1764,6928,FALSE,Fullers Earth
gregtech:gt.blockores,1764,16928,FALSE,Small Fullers Earth
gregtech:gt.blockores,1764,17928,FALSE,Small Fullers Earth
gregtech:gt.blockores,1764,18928,FALSE,Small Fullers Earth
gregtech:gt.blockores,1764,19928,FALSE,Small Fullers Earth
gregtech:gt.blockores,1764,20928,FALSE,Small Fullers Earth
gregtech:gt.blockores,1764,21928,FALSE,Small Fullers Earth
gregtech:gt.blockores,1764,22928,FALSE,Small Fullers Earth
gregtech:gt.blockores,1764,929,FALSE,Kaolinite
gregtech:gt.blockores,1764,1929,FALSE,Kaolinite
gregtech:gt.blockores,1764,2929,FALSE,Kaolinite
gregtech:gt.blockores,1764,3929,FALSE,Kaolinite
gregtech:gt.blockores,1764,4929,FALSE,Kaolinite
gregtech:gt.blockores,1764,5929,FALSE,Kaolinite
gregtech:gt.blockores,1764,6929,FALSE,Kaolinite
gregtech:gt.blockores,1764,16929,FALSE,Small Kaolinite
gregtech:gt.blockores,1764,17929,FALSE,Small Kaolinite
gregtech:gt.blockores,1764,18929,FALSE,Small Kaolinite
gregtech:gt.blockores,1764,19929,FALSE,Small Kaolinite
gregtech:gt.blockores,1764,20929,FALSE,Small Kaolinite
gregtech:gt.blockores,1764,21929,FALSE,Small Kaolinite
gregtech:gt.blockores,1764,22929,FALSE,Small Kaolinite
gregtech:gt.blockores,1764,930,FALSE,Brown Limonite Ore
gregtech:gt.blockores,1764,1930,FALSE,Brown Limonite Ore
gregtech:gt.blockores,1764,2930,FALSE,Brown Limonite Ore
gregtech:gt.blockores,1764,3930,FALSE,Brown Limonite Ore
gregtech:gt.blockores,1764,4930,FALSE,Brown Limonite Ore
gregtech:gt.blockores,1764,5930,FALSE,Brown Limonite Ore
gregtech:gt.blockores,1764,6930,FALSE,Brown Limonite Ore
gregtech:gt.blockores,1764,931,FALSE,Yellow Limonite Ore
gregtech:gt.blockores,1764,1931,FALSE,Yellow Limonite Ore
gregtech:gt.blockores,1764,2931,FALSE,Yellow Limonite Ore
gregtech:gt.blockores,1764,3931,FALSE,Yellow Limonite Ore
gregtech:gt.blockores,1764,4931,FALSE,Yellow Limonite Ore
gregtech:gt.blockores,1764,5931,FALSE,Yellow Limonite Ore
gregtech:gt.blockores,1764,6931,FALSE,Yellow Limonite Ore
gregtech:gt.blockores,1764,932,FALSE,Vermiculite
gregtech:gt.blockores,1764,1932,FALSE,Vermiculite
gregtech:gt.blockores,1764,2932,FALSE,Vermiculite
gregtech:gt.blockores,1764,3932,FALSE,Vermiculite
gregtech:gt.blockores,1764,4932,FALSE,Vermiculite
gregtech:gt.blockores,1764,5932,FALSE,Vermiculite
gregtech:gt.blockores,1764,6932,FALSE,Vermiculite
gregtech:gt.blockores,1764,16932,FALSE,Small Vermiculite
gregtech:gt.blockores,1764,17932,FALSE,Small Vermiculite
gregtech:gt.blockores,1764,18932,FALSE,Small Vermiculite
gregtech:gt.blockores,1764,19932,FALSE,Small Vermiculite
gregtech:gt.blockores,1764,20932,FALSE,Small Vermiculite
gregtech:gt.blockores,1764,21932,FALSE,Small Vermiculite
gregtech:gt.blockores,1764,22932,FALSE,Small Vermiculite
gregtech:gt.blockores,1764,933,FALSE,Glauconite Ore
gregtech:gt.blockores,1764,1933,FALSE,Glauconite Ore
gregtech:gt.blockores,1764,2933,FALSE,Glauconite Ore
gregtech:gt.blockores,1764,3933,FALSE,Glauconite Ore
gregtech:gt.blockores,1764,4933,FALSE,Glauconite Ore
gregtech:gt.blockores,1764,5933,FALSE,Glauconite Ore
gregtech:gt.blockores,1764,6933,FALSE,Glauconite Ore
gregtech:gt.blockores,1764,934,FALSE,Gypsum Ore
gregtech:gt.blockores,1764,1934,FALSE,Gypsum Ore
gregtech:gt.blockores,1764,2934,FALSE,Gypsum Ore
gregtech:gt.blockores,1764,3934,FALSE,Gypsum Ore
gregtech:gt.blockores,1764,4934,FALSE,Gypsum Ore
gregtech:gt.blockores,1764,5934,FALSE,Gypsum Ore
gregtech:gt.blockores,1764,6934,FALSE,Gypsum Ore
gregtech:gt.blockores,1764,935,FALSE,Basaltic Mineral Sand
gregtech:gt.blockores,1764,1935,FALSE,Basaltic Mineral Sand
gregtech:gt.blockores,1764,2935,FALSE,Basaltic Mineral Sand
gregtech:gt.blockores,1764,3935,FALSE,Basaltic Mineral Sand
gregtech:gt.blockores,1764,4935,FALSE,Basaltic Mineral Sand
gregtech:gt.blockores,1764,5935,FALSE,Basaltic Mineral Sand
gregtech:gt.blockores,1764,6935,FALSE,Basaltic Mineral Sand
gregtech:gt.blockores,1764,16935,FALSE,Small Basaltic Mineral Sand
gregtech:gt.blockores,1764,17935,FALSE,Small Basaltic Mineral Sand
gregtech:gt.blockores,1764,18935,FALSE,Small Basaltic Mineral Sand
gregtech:gt.blockores,1764,19935,FALSE,Small Basaltic Mineral Sand
gregtech:gt.blockores,1764,20935,FALSE,Small Basaltic Mineral Sand
gregtech:gt.blockores,1764,21935,FALSE,Small Basaltic Mineral Sand
gregtech:gt.blockores,1764,22935,FALSE,Small Basaltic Mineral Sand
gregtech:gt.blockores,1764,936,FALSE,Granitic Mineral Sand
gregtech:gt.blockores,1764,1936,FALSE,Granitic Mineral Sand
gregtech:gt.blockores,1764,2936,FALSE,Granitic Mineral Sand
gregtech:gt.blockores,1764,3936,FALSE,Granitic Mineral Sand
gregtech:gt.blockores,1764,4936,FALSE,Granitic Mineral Sand
gregtech:gt.blockores,1764,5936,FALSE,Granitic Mineral Sand
gregtech:gt.blockores,1764,6936,FALSE,Granitic Mineral Sand
gregtech:gt.blockores,1764,16936,FALSE,Small Granitic Mineral Sand
gregtech:gt.blockores,1764,17936,FALSE,Small Granitic Mineral Sand
gregtech:gt.blockores,1764,18936,FALSE,Small Granitic Mineral Sand
gregtech:gt.blockores,1764,19936,FALSE,Small Granitic Mineral Sand
gregtech:gt.blockores,1764,20936,FALSE,Small Granitic Mineral Sand
gregtech:gt.blockores,1764,21936,FALSE,Small Granitic Mineral Sand
gregtech:gt.blockores,1764,22936,FALSE,Small Granitic Mineral Sand
gregtech:gt.blockores,1764,937,FALSE,Cassiterite Sand
gregtech:gt.blockores,1764,1937,FALSE,Cassiterite Sand
gregtech:gt.blockores,1764,2937,FALSE,Cassiterite Sand
gregtech:gt.blockores,1764,3937,FALSE,Cassiterite Sand
gregtech:gt.blockores,1764,4937,FALSE,Cassiterite Sand
gregtech:gt.blockores,1764,5937,FALSE,Cassiterite Sand
gregtech:gt.blockores,1764,6937,FALSE,Cassiterite Sand
gregtech:gt.blockores,1764,16937,FALSE,Small Cassiterite Sand
gregtech:gt.blockores,1764,17937,FALSE,Small Cassiterite Sand
gregtech:gt.blockores,1764,18937,FALSE,Small Cassiterite Sand
gregtech:gt.blockores,1764,19937,FALSE,Small Cassiterite Sand
gregtech:gt.blockores,1764,20937,FALSE,Small Cassiterite Sand
gregtech:gt.blockores,1764,21937,FALSE,Small Cassiterite Sand
gregtech:gt.blockores,1764,22937,FALSE,Small Cassiterite Sand
gregtech:gt.blockores,1764,938,FALSE,Garnet Sand
gregtech:gt.blockores,1764,1938,FALSE,Garnet Sand
gregtech:gt.blockores,1764,2938,FALSE,Garnet Sand
gregtech:gt.blockores,1764,3938,FALSE,Garnet Sand
gregtech:gt.blockores,1764,4938,FALSE,Garnet Sand
gregtech:gt.blockores,1764,5938,FALSE,Garnet Sand
gregtech:gt.blockores,1764,6938,FALSE,Garnet Sand
gregtech:gt.blockores,1764,16938,FALSE,Small Garnet Sand
gregtech:gt.blockores,1764,17938,FALSE,Small Garnet Sand
gregtech:gt.blockores,1764,18938,FALSE,Small Garnet Sand
gregtech:gt.blockores,1764,19938,FALSE,Small Garnet Sand
gregtech:gt.blockores,1764,20938,FALSE,Small Garnet Sand
gregtech:gt.blockores,1764,21938,FALSE,Small Garnet Sand
gregtech:gt.blockores,1764,22938,FALSE,Small Garnet Sand
gregtech:gt.blockores,1764,939,FALSE,Quartz Sand
gregtech:gt.blockores,1764,1939,FALSE,Quartz Sand
gregtech:gt.blockores,1764,2939,FALSE,Quartz Sand
gregtech:gt.blockores,1764,3939,FALSE,Quartz Sand
gregtech:gt.blockores,1764,4939,FALSE,Quartz Sand
gregtech:gt.blockores,1764,5939,FALSE,Quartz Sand
gregtech:gt.blockores,1764,6939,FALSE,Quartz Sand
gregtech:gt.blockores,1764,16939,FALSE,Small Quartz Sand
gregtech:gt.blockores,1764,17939,FALSE,Small Quartz Sand
gregtech:gt.blockores,1764,18939,FALSE,Small Quartz Sand
gregtech:gt.blockores,1764,19939,FALSE,Small Quartz Sand
gregtech:gt.blockores,1764,20939,FALSE,Small Quartz Sand
gregtech:gt.blockores,1764,21939,FALSE,Small Quartz Sand
gregtech:gt.blockores,1764,22939,FALSE,Small Quartz Sand
gregtech:gt.blockores,1764,941,FALSE,Borax Ore
gregtech:gt.blockores,1764,1941,FALSE,Borax Ore
gregtech:gt.blockores,1764,2941,FALSE,Borax Ore
gregtech:gt.blockores,1764,3941,FALSE,Borax Ore
gregtech:gt.blockores,1764,4941,FALSE,Borax Ore
gregtech:gt.blockores,1764,5941,FALSE,Borax Ore
gregtech:gt.blockores,1764,6941,FALSE,Borax Ore
gregtech:gt.blockores,1764,942,FALSE,Molybdenite Ore
gregtech:gt.blockores,1764,1942,FALSE,Molybdenite Ore
gregtech:gt.blockores,1764,2942,FALSE,Molybdenite Ore
gregtech:gt.blockores,1764,3942,FALSE,Molybdenite Ore
gregtech:gt.blockores,1764,4942,FALSE,Molybdenite Ore
gregtech:gt.blockores,1764,5942,FALSE,Molybdenite Ore
gregtech:gt.blockores,1764,6942,FALSE,Molybdenite Ore
gregtech:gt.blockores,1764,943,FALSE,Pyrolusite Ore
gregtech:gt.blockores,1764,1943,FALSE,Pyrolusite Ore
gregtech:gt.blockores,1764,2943,FALSE,Pyrolusite Ore
gregtech:gt.blockores,1764,3943,FALSE,Pyrolusite Ore
gregtech:gt.blockores,1764,4943,FALSE,Pyrolusite Ore
gregtech:gt.blockores,1764,5943,FALSE,Pyrolusite Ore
gregtech:gt.blockores,1764,6943,FALSE,Pyrolusite Ore
gregtech:gt.blockores,1764,944,FALSE,Rock Salt Ore
gregtech:gt.blockores,1764,1944,FALSE,Rock Salt Ore
gregtech:gt.blockores,1764,2944,FALSE,Rock Salt Ore
gregtech:gt.blockores,1764,3944,FALSE,Rock Salt Ore
gregtech:gt.blockores,1764,4944,FALSE,Rock Salt Ore
gregtech:gt.blockores,1764,5944,FALSE,Rock Salt Ore
gregtech:gt.blockores,1764,6944,FALSE,Rock Salt Ore
gregtech:gt.blockores,1764,945,FALSE,Stibnite Ore
gregtech:gt.blockores,1764,1945,FALSE,Stibnite Ore
gregtech:gt.blockores,1764,2945,FALSE,Stibnite Ore
gregtech:gt.blockores,1764,3945,FALSE,Stibnite Ore
gregtech:gt.blockores,1764,4945,FALSE,Stibnite Ore
gregtech:gt.blockores,1764,5945,FALSE,Stibnite Ore
gregtech:gt.blockores,1764,6945,FALSE,Stibnite Ore
gregtech:gt.blockores,1764,946,FALSE,Asbestos Ore
gregtech:gt.blockores,1764,1946,FALSE,Asbestos Ore
gregtech:gt.blockores,1764,2946,FALSE,Asbestos Ore
gregtech:gt.blockores,1764,3946,FALSE,Asbestos Ore
gregtech:gt.blockores,1764,4946,FALSE,Asbestos Ore
gregtech:gt.blockores,1764,5946,FALSE,Asbestos Ore
gregtech:gt.blockores,1764,6946,FALSE,Asbestos Ore
gregtech:gt.blockores,1764,948,FALSE,Diatomite Ore
gregtech:gt.blockores,1764,1948,FALSE,Diatomite Ore
gregtech:gt.blockores,1764,2948,FALSE,Diatomite Ore
gregtech:gt.blockores,1764,3948,FALSE,Diatomite Ore
gregtech:gt.blockores,1764,4948,FALSE,Diatomite Ore
gregtech:gt.blockores,1764,5948,FALSE,Diatomite Ore
gregtech:gt.blockores,1764,6948,FALSE,Diatomite Ore
gregtech:gt.blockores,1764,949,FALSE,Glauconite Sand
gregtech:gt.blockores,1764,1949,FALSE,Glauconite Sand
gregtech:gt.blockores,1764,2949,FALSE,Glauconite Sand
gregtech:gt.blockores,1764,3949,FALSE,Glauconite Sand
gregtech:gt.blockores,1764,4949,FALSE,Glauconite Sand
gregtech:gt.blockores,1764,5949,FALSE,Glauconite Sand
gregtech:gt.blockores,1764,6949,FALSE,Glauconite Sand
gregtech:gt.blockores,1764,16949,FALSE,Small Glauconite Sand
gregtech:gt.blockores,1764,17949,FALSE,Small Glauconite Sand
gregtech:gt.blockores,1764,18949,FALSE,Small Glauconite Sand
gregtech:gt.blockores,1764,19949,FALSE,Small Glauconite Sand
gregtech:gt.blockores,1764,20949,FALSE,Small Glauconite Sand
gregtech:gt.blockores,1764,21949,FALSE,Small Glauconite Sand
gregtech:gt.blockores,1764,22949,FALSE,Small Glauconite Sand
gregtech:gt.blockores,1764,951,FALSE,Vyroxeres Ore
gregtech:gt.blockores,1764,1951,FALSE,Vyroxeres Ore
gregtech:gt.blockores,1764,2951,FALSE,Vyroxeres Ore
gregtech:gt.blockores,1764,3951,FALSE,Vyroxeres Ore
gregtech:gt.blockores,1764,4951,FALSE,Vyroxeres Ore
gregtech:gt.blockores,1764,5951,FALSE,Vyroxeres Ore
gregtech:gt.blockores,1764,6951,FALSE,Vyroxeres Ore
gregtech:gt.blockores,1764,952,FALSE,Ceruclase Ore
gregtech:gt.blockores,1764,1952,FALSE,Ceruclase Ore
gregtech:gt.blockores,1764,2952,FALSE,Ceruclase Ore
gregtech:gt.blockores,1764,3952,FALSE,Ceruclase Ore
gregtech:gt.blockores,1764,4952,FALSE,Ceruclase Ore
gregtech:gt.blockores,1764,5952,FALSE,Ceruclase Ore
gregtech:gt.blockores,1764,6952,FALSE,Ceruclase Ore
gregtech:gt.blockores,1764,956,FALSE,Tartarite Ore
gregtech:gt.blockores,1764,1956,FALSE,Tartarite Ore
gregtech:gt.blockores,1764,2956,FALSE,Tartarite Ore
gregtech:gt.blockores,1764,3956,FALSE,Tartarite Ore
gregtech:gt.blockores,1764,4956,FALSE,Tartarite Ore
gregtech:gt.blockores,1764,5956,FALSE,Tartarite Ore
gregtech:gt.blockores,1764,6956,FALSE,Tartarite Ore
gregtech:gt.blockores,1764,966,FALSE,Orichalcum Ore
gregtech:gt.blockores,1764,1966,FALSE,Orichalcum Ore
gregtech:gt.blockores,1764,2966,FALSE,Orichalcum Ore
gregtech:gt.blockores,1764,3966,FALSE,Orichalcum Ore
gregtech:gt.blockores,1764,4966,FALSE,Orichalcum Ore
gregtech:gt.blockores,1764,5966,FALSE,Orichalcum Ore
gregtech:gt.blockores,1764,6966,FALSE,Orichalcum Ore
gregtech:gt.blockores,1764,969,FALSE,Aluminium Fluoride Ore
gregtech:gt.blockores,1764,1969,FALSE,Aluminium Fluoride Ore
gregtech:gt.blockores,1764,2969,FALSE,Aluminium Fluoride Ore
gregtech:gt.blockores,1764,3969,FALSE,Aluminium Fluoride Ore
gregtech:gt.blockores,1764,4969,FALSE,Aluminium Fluoride Ore
gregtech:gt.blockores,1764,5969,FALSE,Aluminium Fluoride Ore
gregtech:gt.blockores,1764,6969,FALSE,Aluminium Fluoride Ore
gregtech:gt.blockores,1764,971,FALSE,Calcium Disilicide Ore
gregtech:gt.blockores,1764,1971,FALSE,Calcium Disilicide Ore
gregtech:gt.blockores,1764,2971,FALSE,Calcium Disilicide Ore
gregtech:gt.blockores,1764,3971,FALSE,Calcium Disilicide Ore
gregtech:gt.blockores,1764,4971,FALSE,Calcium Disilicide Ore
gregtech:gt.blockores,1764,5971,FALSE,Calcium Disilicide Ore
gregtech:gt.blockores,1764,6971,FALSE,Calcium Disilicide Ore
gregtech:gt.blockores,1764,975,FALSE,Draconium Ore
gregtech:gt.blockores,1764,1975,FALSE,Draconium Ore
gregtech:gt.blockores,1764,2975,FALSE,Draconium Ore
gregtech:gt.blockores,1764,3975,FALSE,Draconium Ore
gregtech:gt.blockores,1764,4975,FALSE,Draconium Ore
gregtech:gt.blockores,1764,5975,FALSE,Draconium Ore
gregtech:gt.blockores,1764,6975,FALSE,Draconium Ore
gregtech:gt.blockores,1764,976,FALSE,Awakened Draconium Ore
gregtech:gt.blockores,1764,1976,FALSE,Awakened Draconium Ore
gregtech:gt.blockores,1764,2976,FALSE,Awakened Draconium Ore
gregtech:gt.blockores,1764,3976,FALSE,Awakened Draconium Ore
gregtech:gt.blockores,1764,4976,FALSE,Awakened Draconium Ore
gregtech:gt.blockores,1764,5976,FALSE,Awakened Draconium Ore
gregtech:gt.blockores,1764,6976,FALSE,Awakened Draconium Ore
gregtech:gt.blockores,1764,978,FALSE,Ichorium Ore
gregtech:gt.blockores,1764,1978,FALSE,Ichorium Ore
gregtech:gt.blockores,1764,2978,FALSE,Ichorium Ore
gregtech:gt.blockores,1764,3978,FALSE,Ichorium Ore
gregtech:gt.blockores,1764,4978,FALSE,Ichorium Ore
gregtech:gt.blockores,1764,5978,FALSE,Ichorium Ore
gregtech:gt.blockores,1764,6978,FALSE,Ichorium Ore
gregtech:gt.blockores,1764,982,FALSE,Cosmic Neutronium Ore
gregtech:gt.blockores,1764,1982,FALSE,Cosmic Neutronium Ore
gregtech:gt.blockores,1764,2982,FALSE,Cosmic Neutronium Ore
gregtech:gt.blockores,1764,3982,FALSE,Cosmic Neutronium Ore
gregtech:gt.blockores,1764,4982,FALSE,Cosmic Neutronium Ore
gregtech:gt.blockores,1764,5982,FALSE,Cosmic Neutronium Ore
gregtech:gt.blockores,1764,6982,FALSE,Cosmic Neutronium Ore
gregtech:gt.blockores,1764,984,FALSE,Flerovium Ore
gregtech:gt.blockores,1764,1984,FALSE,Flerovium Ore
gregtech:gt.blockores,1764,2984,FALSE,Flerovium Ore
gregtech:gt.blockores,1764,3984,FALSE,Flerovium Ore
gregtech:gt.blockores,1764,4984,FALSE,Flerovium Ore
gregtech:gt.blockores,1764,5984,FALSE,Flerovium Ore
gregtech:gt.blockores,1764,6984,FALSE,Flerovium Ore
harvestcraft:salt,1571,0,FALSE,Salt Ore
miscutils:oreFluoriteF,2272,0,FALSE,Fluorite (F) Ore
miscutils:oreKoboldite,2273,0,FALSE,Koboldite Ore
miscutils:oreCrocoite,2274,0,FALSE,Crocoite Ore
miscutils:oreGeikielite,2275,0,FALSE,Geikielite Ore
miscutils:oreNichromite,2276,0,FALSE,Nichromite Ore
miscutils:oreTitanite,2277,0,FALSE,Titanite Ore
miscutils:oreZimbabweite,2278,0,FALSE,Zimbabweite Ore
miscutils:oreZirconolite,2279,0,FALSE,Zirconolite Ore
miscutils:oreGadoliniteCe,2280,0,FALSE,Gadolinite (Ce) Ore
miscutils:oreGadoliniteY,2281,0,FALSE,Gadolinite (Y) Ore
miscutils:oreLepersonnite,2282,0,FALSE,Lepersonnite Ore
miscutils:oreSamarskiteY,2283,0,FALSE,Samarskite (Y) Ore
miscutils:oreSamarskiteYb,2284,0,FALSE,Samarskite (Yb) Ore
miscutils:oreXenotime,2285,0,FALSE,Xenotime Ore
miscutils:oreYttriaite,2286,0,FALSE,Yttriaite Ore
miscutils:oreYttrialite,2287,0,FALSE,Yttrialite Ore
miscutils:oreYttrocerite,2288,0,FALSE,Yttrocerite Ore
miscutils:oreZircon,2289,0,FALSE,Zircon Ore
miscutils:orePolycrase,2290,0,FALSE,Polycrase Ore
miscutils:oreZircophyllite,2291,0,FALSE,Zircophyllite Ore
miscutils:oreZirkelite,2292,0,FALSE,Zirkelite Ore
miscutils:oreLanthaniteLa,2293,0,FALSE,Lanthanite (La) Ore
miscutils:oreLanthaniteCe,2294,0,FALSE,Lanthanite (Ce) Ore
miscutils:oreLanthaniteNd,2295,0,FALSE,Lanthanite (Nd) Ore
miscutils:oreAgarditeY,2296,0,FALSE,Agardite (Y) Ore
miscutils:oreAgarditeCd,2297,0,FALSE,Agardite (Cd) Ore
miscutils:oreAgarditeLa,2298,0,FALSE,Agardite (La) Ore
miscutils:oreAgarditeNd,2299,0,FALSE,Agardite (Nd) Ore
miscutils:oreHibonite,2300,0,FALSE,Hibonite Ore
miscutils:oreCerite,2301,0,FALSE,Cerite Ore
miscutils:oreFluorcaphite,2302,0,FALSE,Fluorcaphite Ore
miscutils:oreFlorencite,2303,0,FALSE,Florencite Ore
miscutils:oreCryoliteF,2304,0,FALSE,Cryolite (F) Ore
miscutils:oreLautarite,2305,0,FALSE,Lautarite Ore
miscutils:oreLafossaite,2306,0,FALSE,Lafossaite Ore
miscutils:oreDemicheleiteBr,2307,0,FALSE,Demicheleite (Br) Ore
miscutils:oreComancheite,2308,0,FALSE,Comancheite Ore
miscutils:orePerroudite,2309,0,FALSE,Perroudite Ore
miscutils:oreHoneaite,2310,0,FALSE,Honeaite Ore
miscutils:oreAlburnite,2311,0,FALSE,Alburnite Ore
miscutils:oreMiessiite,2312,0,FALSE,Miessiite Ore
miscutils:oreKashinite,2313,0,FALSE,Kashinite Ore
miscutils:oreIrarsite,2314,0,FALSE,Irarsite Ore
miscutils:oreGreenockite,2315,0,FALSE,Greenockite Ore
miscutils:oreRadioactiveMineralMix,2317,0,FALSE,Strange Ore
miscutils:oreAncientGranite,2318,0,FALSE,Ancient Granite Ore
miscutils:oreRunite,2319,0,FALSE,Runite Ore
miscutils:oreRareEarthI,3211,0,FALSE,Rare Earth (I) Ore
miscutils:oreRareEarthII,3212,0,FALSE,Rare Earth (II) Ore
miscutils:oreRareEarthIII,3213,0,FALSE,Rare Earth (III) Ore
miscutils:oreBariteRa,4050,0,FALSE,Barite (Ra) Ore
